Spain;Barcelona;Barcelona
France;Savoie - Haute Savoie;Tignes
Switzerland;Valais;Ovronnaz
Spain;Tenerife;Tenerife/Güimar
France;Savoie - Haute Savoie;Saint Gervais
Spain;Costa Brava;Llançà
France;Ile-de-France;Paris/9
Croatia;Istria;Pula/Puntižela
Switzerland;Lake Geneva Region;Le Bouveret
Switzerland;Valais;Verbier
Spain;Costa del Azahar;Benicàssim
Switzerland;Valais;Nendaz
Switzerland;Valais;Zermatt
Switzerland;Bernese Oberland;Gstaad
Switzerland;Praettigau/Landwassertal;Davos
Spain;Costa Blanca;Jávea
Belgium;Interior;Zarren
France;Savoie - Haute Savoie;Chamonix
Switzerland;Bernese Oberland;Iseltwald
Italy;Naples & Sorrentino Peninsula;Massa Lubrense
Spain;Costa Brava;St Antoni de Calonge
Italy;Florence and surroundings;Florence
Spain;Barcelona Costa Norte;Vilassar de Mar
France;Dordogne-Lot&Garonne;Montcaret
Cyprus;Paphos;Paphos
France;Savoie - Haute Savoie;Les Menuires
Germany;Black Forest;Dittishausen
France;Ile-de-France;Paris/15
Austria;Arlberg mountain;Pettneu am Arlberg
Switzerland;Valais;Crans-Montana
France;Ile-de-France;Paris/8
Spain;Pyrenees;Taüll
France;Ile-de-France;Paris/5
Germany;Black Forest;Friedenweiler
Switzerland;Freiburg;Düdingen
France;Savoie - Haute Savoie;Le Corbier
Switzerland;Valais;Siviez-Nendaz
France;Savoie - Haute Savoie;Val Thorens
Switzerland;Bernese Oberland;Interlaken
Austria;Tyrol west;Landeck
Spain;Costa Brava;Calella de Palafrugell
Spain;Costa Blanca;Calpe/Calp
Italy;Dolomites;Canazei
Switzerland;Alpes Vaudoises;Villars
Austria;Tyrol;Telfs
Belgium;Ardennes;Lierneux
Italy;Dolomites;Barcis Lake
Italy;Sardinia;Villasimius
Austria;Tyrol;Sellrain
Austria;Salzburg;Mühlbach am Hochkönig
Austria;Tyrol;Mieming
Switzerland;Engadine;Silvaplana-Surlej
Austria;Zillertal;Zell am Ziller
Spain;Costa Brava;Calonge
Italy;Tuscany Chianti;Castelfiorentino
Italy;Tuscany Coast;Castiglione della Pescaia
France;Basque Country;Saint-Jean-de-Luz
France;Pyrénées-Orientales;Canet-Plage
Spain;Costa Brava;Roses
Austria;Vienna;Vienna / 1. District
Austria;Zillertal;Fügen
Switzerland;Freiburg;Moléson
Switzerland;Valais;La Tzoumaz
Slovakia;Preschau Region;Zdiar
Italy;Tuscany Chianti;San Gimignano
Greece;Crete;Chania
Switzerland;Bernese Oberland;Zweisimmen
France;Ile-de-France;Paris/13
Italy;Lazio;Rome: Historical City Center
Spain;Costa del Sol;Mijas Costa
Austria;Tyrol;See
United Kingdom;South-West;Axminster
Spain;Costa Blanca;Guardamar del Segura
Switzerland;Valais;Täsch
Spain;Costa Blanca;El Campello/Villajoyosa
Spain;Mallorca;Porto Cristo
Austria;Zillertal;Kaltenbach
Spain;Costa de Valencia;Playa de Gandia
France;Cote d'Azur;Cannes
Spain;Costa Daurada;Deltebre
Italy;Sardinia;Valledoria
France;Ile-de-France;Paris/18
Spain;Costa Brava;L'Escala
Hungary;Lake Balaton - North Shore;Balatonalmadi
Austria;Tyrol;Reith bei Seefeld
Spain;Mallorca;Sant Elm/San Telmo
France;Brittany - Northern;Dinard
Spain;Costa de Almería;Los Gallardos
Netherlands;Noord-Holland;Velsen-South
Spain;Costa Brava;Begur
France;Cote d'Azur;Nice
Switzerland;Valais;Inden
Belgium;Cities;Gent
Switzerland;Bernese Oberland;Lauterbrunnen
Switzerland;Surselva;Obersaxen Surcuolm
Italy;Florence Countryside;Vinci
Switzerland;Valais;Ernen
Finland;Häme Pirkanmaa;Ikaalinen
Austria;Lungau;Sankt Margarethen im Lungau
Germany;Black Forest;Schonach
Croatia;Central Dalmatia;Trogir
Switzerland;Bernese Oberland;Frutigen
Spain;Costa Brava;Lloret de Mar
Italy;Trasimeno Lake;Città della Pieve
Spain;Costa del Garraf;Sitges
Germany;Upper Bavaria;Benediktbeuern
France;Provence;Roumoules
Italy;Lucca, Pisa and surroundings;Orciatico
Spain;Inland Catalonia;Olot
Spain;Costa Blanca;Benidorm
Austria;Carinthia;Keutschach am See
Spain;Costa Blanca;Dénia
Spain;Costa Brava;El Port de la Selva
Portugal;Lisbon-Tejo Valley;Foz do Arelho
Italy;Tuscany Chianti;Gambassi Terme
Spain;Costa Daurada;L'Ametlla de Mar
Italy;Puglia-Salento;San Vito Dei Normanni
Italy;Naples & Sorrentino Peninsula;Sorrento
Spain;Costa Blanca;Albir
Spain;Costa de Almería;Garrucha
Italy;Florence Countryside;Fucecchio
Austria;Zillertal;Mayrhofen
Switzerland;Valais;Leukerbad
Spain;Costa Brava;St Feliu de Guíxols
Spain;Costa Blanca;Moraira
France;Vendee- Western Loire;Meigné le Vicomte
Germany;Black Forest;Bonndorf
Switzerland;Valais;Grächen
Germany;Black Forest;Bad Bellingen
Finland;Etelä-Savo;Mikkeli
Switzerland;Ticino;Ruvigliana
Spain;Costa Daurada;Miami Platja
France;Lot;Buzan
Spain;Costa del Sol;Rincón de la Victoria
Italy;Trasimeno Lake;Magione
Ireland;Cork and Kerry;Portmagee
France;Savoie - Haute Savoie;Argentière
Finland;Pohjois-Karjala;Liperi
Austria;Salzburg;Rauris
Switzerland;Lake Geneva Region;Montreux
Netherlands;Noord-Holland;Halfweg
Austria;Carinthia;Faaker See
Switzerland;Ticino;Intragna - Centovalli
Austria;Salzburg;Maria Alm am Steinernen Meer
Switzerland;Alpes Vaudoises;Gryon
Switzerland;Central Switzerland;Engelberg
Spain;Costa Blanca;Jávea/Benitachell
Austria;Zillertal;Königsleiten
Germany;Black Forest;Baiersbronn
France;Brittany - Northern;Languenan
Switzerland;Bernese Oberland;Grindelwald
Italy;Siena and sourroundings;Monticiano
Spain;Costa Blanca;Pego
Italy;Sardinia;San Teodoro
Spain;Galicia;Mondariz
Belgium;Cities;Bruges
United Kingdom;South-East;Henfield
Austria;Tyrol;Nesselwängle
Germany;Eifel;Adenau
Spain;Inland Andalucia;Granada/Cacín
Austria;Tyrol;Walchsee
Italy;Sardinia;Cannigione
Germany;Upper Bavaria;Painten
France;Cote d'Azur;Sainte Maxime
Switzerland;Bernese Oberland;Axalp
Switzerland;Alpes Vaudoises;Château d'Oex
Portugal;Algarve;Albufeira
Italy;Sardinia;Costa Paradiso
Ireland;West Ireland;Achill Island
France;Pyrénées-Orientales;Saint Cyprien
Spain;Mallorca;Palma
France;Brittany - Southern;Bénodet
Spain;Costa Daurada;Salou
France;Cote d'Azur;Saint Cyr sur mer Les Lecques
Portugal;Lisbon-Tejo Valley;Ericeira
Spain;Costa Blanca;San Juan / Muchamiel
France;Poitou-Charentes;Vaux Sur Mer
France;Les Landes;Mezos
Finland;Lappi;Inari
Italy;Veneto;Venezia San Marco
France;Poitou-Charentes;Saint Georges de Didonne
Croatia;Kvarner;Novi Vinodolski
Switzerland;Valais;St Niklaus
Italy;Lucca, Pisa and surroundings;Pescia
Germany;Black Forest;Ichenheim
Italy;Veneto;Venice
Spain;Costa del Azahar;Alcocéber/Alcossebre
Spain;Costa Daurada;Cambrils
Austria;Tyrol;Hochfilzen
Spain;Costa Brava;Empuriabrava
Switzerland;Emmental;Biembach im Emmental
Italy;Tuscany Chianti;Colle Val d'Elsa
Norway;Southern Fjord Norway;Skjold
Denmark;Central Jutland;Ry
Italy;Sardinia;Porto San Paolo
Norway;Northern Fjord Norway;Nordfjordeid
Switzerland;Lake Zurich Region;Gibswil
Czech Republic;South Moravian Region;Horni Vestonice
Spain;Costa Daurada;L'Ampolla
Germany;Black Forest;Hüfingen
Italy;Lombardy;Bormio
Italy;Siena and sourroundings;Cetona
United Kingdom;Scotland;Inverness
Austria;Tyrol west;Fließ
Spain;Cantabria;Udías
Austria;Salzburg;Kaprun
Austria;Vienna;Vienna / 9. District
Austria;Tyrol;Neustift im Stubaital
Spain;Costa Blanca;Altea
Spain;Menorca;Cala'n Blanes
Spain;Costa Daurada;Amposta / Eucaliptus
France;Savoie - Haute Savoie;Samoëns/Morillon
Croatia;Kvarner;Lovran/Tuliševica
Switzerland;Eastern Switzerland;Trogen
Spain;Costa Brava;L'Estartit
Austria;Salzburg;Werfenweng
Italy;Lake Como;Plesio
France;Cote d'Azur;Cavalaire
France;Les Landes;Seignosse Le Penon
Switzerland;Bernese Oberland;Saanenmöser
Switzerland;Valais;Le Chable Bagnes
France;Ile-de-France;Paris/20
Italy;Tuscany Chianti;Monte San Savino
Austria;Vienna;Vienna / 4. District
France;Dauphinoise;L'Alpe d'Huez
Germany;Black Forest;Herrischried
Germany;Rhine - Mosel - Ahr - Lahn;Enkirch
Czech Republic;South Bohemia;Strmilov
France;Gironde;Lacanau
France;Ile-de-France;Paris/7
Spain;Costa del Sol;Valle del Guadalhorce / Alhaurín El Grande
Spain;Costa del Sol;Fuengirola
Germany;Lake Constance;Pfullendorf
Italy;Lake Maggiore;Castelveccana
Spain;Costa Blanca;Oliva
Switzerland;Bernese Oberland;Wilderswil-Interlaken
Italy;Sicily;Taormina
Austria;Vienna;Vienna/ 18. district
France;Savoie - Haute Savoie;La Toussuire
France;Corsica;Moriani Plage
Switzerland;Alpes Vaudoises;Alpe des Chaux
Austria;Tyrol;Schwaz
Ireland;Dublin;Swords
Spain;Costa Tropical;Almuñécar
Spain;Costa Blanca;Torrevieja
Switzerland;Bernese Oberland;Schönried
Italy;Veneto;Venezia Mestre
Croatia;South Dalmatia;Dubrovnik/Soline
Italy;Tuscany Chianti;Montaione
Spain;Galicia;Villagarcia Arosa
Denmark;East Jutland;Juelsminde
France;Hérault-Aude;Cap d'Agde
Switzerland;Viamala/Surses/Albulatal;Urmein
Austria;Gasteinertal;Bad Gastein
Spain;Tenerife;El Médano
Spain;Basque Country;Bilbo/Bilbao
France;Basque Country;Biarritz
Germany;Black Forest;Vogtsburg
Italy;Lake Garda;Tignale
Austria;Ötztal;Ötz
Netherlands;Zuid-Holland;Noordwijk
France;Loire Valley;Chinon
France;Burgundy;Semur en Auxois
Austria;Salzburg;Sankt Martin am Tennengebirge
Austria;Salzburg;Radstadt
Austria;Styria;Haus
Germany;Allgau;Nesselwang
Austria;Styria;Schladming
Austria;Montafon;Vandans
Austria;Tyrol;Fendels
Austria;Ötztal;Längenfeld
Austria;Tyrol;Jochberg
Austria;Carinthia;Görtschach
Austria;Tyrol;Maurach
Austria;Salzburg;Zell am See
Austria;Tyrol;Sankt Johann in Tirol
Austria;Salzburg;Bruck
Italy;Tuscany Chianti;Castellina in Chianti
Austria;Lower Austria;Litschau
Italy;Ischia/Capri/Procida;Ischia Ponte
United Kingdom;Greater London;London West
Croatia;North Dalmatia/Islands;Iž/Iž Mali
Austria;Carinthia;Mallnitz
Italy;Tuscany Chianti;Certaldo
Croatia;Istria;Trget
Austria;Tyrol;Innsbruck
Croatia;North Dalmatia;Sv. Filip i Jakov
Italy;Trasimeno Lake;Perugia
Austria;Salzburg;Salzburg
Italy;Veneto;Venezia Giudecca
Austria;Tyrol;Itter
Austria;Salzkammergut;Obertraun
Austria;Styria;Arnfels
Austria;Salzburg;Altenmarkt im Pongau
Austria;Styria;Hirschegg - Pack
France;Cote d'Azur;Port Grimaud
Croatia;Kvarner;Opatija/Pobri
Croatia;North Dalmatia;Novigrad (Zadar)
Austria;Salzkammergut;Bad Goisern am Hallstättersee
Austria;Vienna;Vienna / 2. District
Switzerland;Ticino;Piazzogna
Austria;Tyrol;Axams
Austria;Tyrol;Kappl
Austria;Carinthia;Bad Kleinkirchheim
Austria;Salzburg;Mittersill
Austria;Montafon;Tschagguns
Greece;Crete;Alikampos
Netherlands;Gelderland;Beekbergen
Croatia;South Dalmatia/Islands;Korčula/Prigradica
Austria;Carinthia;Heiligenblut
Austria;Lower Austria;Mautern an der Donau
Croatia;North Dalmatia/Islands;Pašman/Pašman
Hungary;Thermal;Kehidakustány
Austria;Zillertal;Aschau im Zillertal
Austria;Salzburg;Abtenau
Croatia;South Dalmatia;Orebić
Croatia;Istria;Pula/Banjole
Italy;Siena and sourroundings;Cinigiano
Austria;Upper Austria;Schlierbach
Italy;Tuscany Coast;Volterra
Croatia;North Dalmatia/Islands;Vir
Croatia;North Dalmatia;Zadar
Croatia;Istria;Pula/Rakalj
Croatia;North Dalmatia/Islands;Molat/Brgulje
Hungary;Lake Balaton - North Shore;Balatonalmadi/Balatonfuzfo
France;Cote d'Azur;Saint Aygulf
Croatia;Istria;Medulin
France;Les Landes;Capbreton
Croatia;Istria;Umag/Zambratija
Netherlands;Gelderland;Arnhem
Cyprus;Larnaca;Tochni
France;Hérault-Aude;Gruissan
Croatia;Central Dalmatia;Vodice/Tribunj
Croatia;South Dalmatia;Orebić/Viganj
France;Corsica;Ghisonaccia
Italy;Florence Countryside;Impruneta
Croatia;Istria;Pula/Krnica
Austria;Montafon;Sankt Gallenkirch
Croatia;North Dalmatia;Privlaka
Italy;Tuscany Coast;Montecatini Val di Cecina
Italy;Siena and sourroundings;Serre di Rapolano
Austria;Carinthia;St. Stefan im Lavanttal
Czech Republic;Prague and vicinity;Praha/1
Italy;Arezzo, Cortona and surroundings;Arezzo
Finland;Varsinais-Suomi Satakunta;Säkylä
Croatia;North Dalmatia/Islands;Silba/Silba
Croatia;Central Dalmatia;Trogir/Okrug Gornji
France;Auvergne;Langlerial
Switzerland;Ticino;Aldesago
Croatia;Istria;Umag
Croatia;Central Dalmatia/Islands;Šolta/Stomorska
Austria;Tyrol;Ried im Oberinntal
France;Provence;Saint-Rémy-de-Provence
Croatia;Istria;Fažana/Peroj
Croatia;North Dalmatia/Islands;Pašman/Banj
France;Provence;Bagnols en Forêt
Croatia;Istria;Štinjan
Italy;Florence Countryside;Loro Ciuffenna
Croatia;Istria;Pula
Netherlands;Zuid-Holland;Ouddorp
France;Ile-de-France;Paris/11
Belgium;Ardennes;Thy-le-Bauduin
Croatia;South Dalmatia/Islands;Korčula/Vela Luka
Croatia;Kvarner/Islands;Krk/Malinska
Croatia;Kvarner;Lovran
France;Cote d'Azur;Les Issambres
Italy;Elba Island;Elba Rio Marina
Spain;Mallorca;Cala San Vicente
Italy;Marche;San Benedetto del Tronto
Croatia;Central Dalmatia;Vodice
Italy;Elba Island;Elba Portoferraio
Switzerland;Ticino;Ascona
Croatia;Kvarner/Islands;Rab/Rab
Ireland;Cork and Kerry;Kenmare
Hungary;Lake Balaton - South Shore;Balatonbereny
Croatia;North Dalmatia/Islands;Pašman/Kraj
Croatia;Central Dalmatia/Islands;Hvar/Stiniva
Austria;Carinthia;Sirnitz - Hochrindl
Austria;Vienna;Vienna / 12. District
France;Brittany - Southern;Tregunc
Italy;Florence Countryside;Rufina
Croatia;South Dalmatia/Islands;Korčula/Lumbarda
Austria;Carinthia;Klippitztörl
Austria;Carinthia;Ossiach
Croatia;Central Dalmatia/Islands;Brač/Povlja
Croatia;South Dalmatia;Dubrovnik/Lozica
Hungary;Lake Balaton - South Shore;Balatonfenyves
Croatia;Istria;Rovinj
Austria;Tyrol;Seefeld in Tirol
Italy;Elba Island;Elba Capoliveri
Italy;Friuli-Venezia Giulia;Lignano Sabbiadoro
Finland;Uusimaa;Espoo
Italy;Friuli-Venezia Giulia;Lignano Riviera
Denmark;South-western Jutland;Rømø
Italy;Tuscany Chianti;Bucine
Italy;Abruzzo/Molise;Vasto
Austria;Vienna;Vienna / 13. District
Croatia;Istria;Sveti Petar u Šumi
Italy;Aosta Valley;Sarre
Italy;Arezzo, Cortona and surroundings;San Giustino Valdarno
Austria;Styria;Pernegg an der Mur
France;Gard-Lozère;Port Camargue
Croatia;North Dalmatia;Zaton
Croatia;Kvarner;Opatija/Ičići
Poland;Tatras;Zakopane
Italy;Sicily;Modica
Italy;Florence Countryside;Pontassieve
Hungary;Lake Balaton - South Shore;Balatonmariafurdo
Croatia;Kvarner;Crikvenica/Jadranovo
Croatia;Central Dalmatia;Marina/Sevid
Croatia;Kvarner/Islands;Rab/Kampor
Hungary;Lake Balaton - North Shore;Balatonfured/Pécsely
Croatia;Central Dalmatia;Brodarica
Netherlands;Zuid-Holland;Nieuwland
Croatia;Central Dalmatia/Islands;Brač/Postira
Italy;Siena and sourroundings;Siena
Italy;Marche;Gabicce Mare
Croatia;Istria;Labin
Italy;Veneto;Bibione
Austria;Carinthia;Maltschacher See
Croatia;Istria;Pula/Premantura
Croatia;Kvarner/Islands;Krk/Klimno
USA;Florida Keys;Keys
Croatia;Kvarner;Brseč
France;Pyrénées-Orientales;Le Barcarès
Italy;Trasimeno Lake;Tavernelle
Italy;Liguria Riviera Levante & Cinque Terre;Sestri Levante
France;Normandy;Cabourg
Italy;Tuscany Chianti;Mercatale Val di Pesa
Italy;Liguria Riviera Levante & Cinque Terre;Portovenere
Croatia;Istria;Pula/Vodnjan
Switzerland;Surselva;Disentis
Switzerland;Engadine;Pontresina
Switzerland;Mittelbünden;Arosa
Switzerland;Praettigau/Landwassertal;Davos - Schmitten
Switzerland;Ticino;Locarno
Switzerland;Viamala/Surses/Albulatal;Savognin
Switzerland;Engadine;Zuoz
Switzerland;Surselva;Flims
Switzerland;Valais;Bürchen
Switzerland;Surselva;Laax
Switzerland;Mittelbünden;Lenzerheide
Austria;Montafon;Schruns
Austria;Ötztal;Sölden
Austria;Montafon;Gaschurn
Austria;Tyrol;Fiss
Switzerland;Eastern Switzerland;Oberterzen
Austria;Tyrol;Kitzbühel
Switzerland;Surselva;Segnas
Switzerland;Viamala/Surses/Albulatal;Bivio
Switzerland;Alpes Vaudoises;Rougemont
USA;Orlando;Kissimmee
Germany;North Sea;Norddeich
Switzerland;Ticino;Caslano
Switzerland;Ticino;Someo
Switzerland;Jura;Saint-Ursanne
Switzerland;Engadine;St. Moritz
Austria;Tyrol;Wattens
Switzerland;Bernese Oberland;Lenk
Switzerland;Bernese Oberland;Gsteig bei Gstaad
Switzerland;Valais;Val-d'Illiez
France;Burgundy;Voutenay sur Cure
Switzerland;Valais;Anzère
Italy;Siena and sourroundings;Castel del Piano
France;Cote d'Azur;Grimaud
Switzerland;Engadine;Sils Maria
Switzerland;Valais;Stalden
France;Cote d'Azur;Menton
France;Cote d'Azur;Hyères
Italy;Tuscany Coast;Follonica
Switzerland;Jura;Mormont
Switzerland;Ticino;Castagnola
Switzerland;Valais;Veysonnaz
France;Luberon;Roussillon
Spain;Barcelona Costa Norte;Santa Susanna
Switzerland;Bernese Oberland;Wengen
France;Hérault-Aude;Limoux
Switzerland;Ticino;Solduno
Switzerland;Valais;Champex
Spain;Tenerife;Los Gigantes
France;Savoie - Haute Savoie;Les Bottières
France;Cote d'Azur;Saint-Tropez
France;Burgundy;Beaune
Italy;Versilia, Lunigiana and sourroundings;Massarosa
Switzerland;Bernese Oberland;Saanen
Switzerland;Ticino;Malvaglia
France;Cote d'Azur;Vence
Austria;Eastern Tyrol;Defereggental
Switzerland;Bernese Oberland;Schwanden ob Sigriswil
Switzerland;Valais;Saas-Grund
France;Provence;Châteaurenard
Switzerland;Jura;Le Noirmont
Italy;Tuscany Chianti;Ambra
Austria;Carinthia;Velden am Wörthersee
France;Dauphinoise;Les Deux Alpes
Switzerland;Ticino;Aquila
France;Hérault-Aude;Portiragnes
Italy;Liguria Riviera Levante & Cinque Terre;Camogli
Switzerland;Bernese Oberland;Kandersteg
Switzerland;Lake Geneva Region;Lausanne
Switzerland;Mittelbünden;St. Peter
France;Normandy;Deauville-Trouville
Croatia;Istria;Poreč
Switzerland;Eastern Switzerland;Unterterzen
Croatia;North Dalmatia;Zadar/Bibinje
Austria;Tyrol;Ischgl
France;Brittany - Northern;Landunvez
Spain;Costa del Sol;Estepona
France;Luberon;Saignon
Switzerland;Ticino;Vira
USA;Florida South-West;Marco Island
Switzerland;Jura;Sainte-Croix
Switzerland;Ticino;Agarone
Switzerland;Ticino;San Nazzaro
Spain;Tenerife;Arico
Switzerland;Valais;Zinal
Spain;La Palma;Fuencaliente
France;Hérault-Aude;La Grande Motte
Italy;Versilia, Lunigiana and sourroundings;Lido di Camaiore
France;Ile-de-France;Paris/12
Italy;Umbria;Bettona
Switzerland;Freiburg;Jaun
Italy;Liguria Riviera Levante & Cinque Terre;La Spezia
Italy;Lake Lugano;Porto Ceresio
Italy;Piemonte-Langhe & Monferrato;Alba
Switzerland;Praettigau/Landwassertal;Furna
Netherlands;Zeeland;Stavenisse
Switzerland;Valais;Vercorin
Italy;Emilia Romagna;Casal Borsetti
France;Pyrénées-Orientales;Collioure
Greece;Crete;Atsipopoulo
Switzerland;Valais;Randa
Italy;Emilia Romagna;Lido degli Estensi
Italy;Siena and sourroundings;Roccastrada
Italy;Tuscany Coast;Campiglia Marittima
Italy;Tuscany Chianti;Badia a Passignano
Portugal;Madeira;Madeira/Santana
Switzerland;Ticino;Bedretto
France;Gard-Lozère;Le Grau du Roi
Switzerland;Bernese Oberland;Goldswil
Switzerland;Ticino;Minusio
Switzerland;Engadine;La Punt Chamues-ch
France;Savoie - Haute Savoie;Les Houches
Italy;Tuscany Coast;Manciano
Italy;Tuscany Coast;Scarlino
Italy;Abruzzo/Molise;Silvi Marina
France;Brittany - Southern;Fouesnant
Switzerland;Freiburg;Schwarzsee
Germany;North Sea;Norden
Spain;Mallorca;Alcúdia
Switzerland;Ticino;Acquarossa
Switzerland;Valais;Ulrichen
Switzerland;Central Switzerland;Giswil
France;Savoie - Haute Savoie;La Chapelle d'Abondance
France;Cote d'Azur;Saint-Raphaël
Italy;Florence Countryside;Barberino del Mugello
Croatia;Istria;Barbariga
Italy;Sardinia;Costa Rei
Switzerland;Bernese Oberland;Beatenberg
France;Cote d'Azur;Bandol
Switzerland;Bernese Mittelland;Wangenried
France;Provence;Carpentras
France;Cote d'Azur;Le Lavandou
France;Brittany - Southern;Crozon-Morgat
Italy;Lake Lugano;Porlezza
Switzerland;Ticino;Cadro
Germany;Hunsrück;Kirchberg
Spain;Tenerife;Igueste
Switzerland;Lake Zurich Region;Wald
Italy;Tuscany Coast;San Vincenzo
Switzerland;Engadine;Madulain
France;Cote d'Azur;Saint Cyr sur Mer La Madrague
Italy;Sicily;Giardini Naxos
Switzerland;Valais;Bettmeralp
Switzerland;Central Switzerland;Weggis
Austria;Salzkammergut;Strobl
France;Luberon;Ménerbes
France;Cote d'Azur;Cap  Bénat
Spain;Costa Daurada;Alcanar
Netherlands;Zeeland;Brouwershaven
Croatia;North Dalmatia;Rovanjska
Italy;Tuscany Coast;Cecina
France;Hérault-Aude;Saint Pierre La Mer
Switzerland;Bernese Oberland;Lauenen b. Gstaad
United Kingdom;South-East;Cranbrook - Hawkhurst
Italy;Tuscany Coast;Grosseto
Italy;Tuscany Coast;Marina di Bibbona
France;Ile-de-France;Paris/4
Finland;Lappi;Savukoski
Croatia;North Dalmatia/Islands;Pašman/Dobropoljana
Italy;Emilia Romagna;Riccione
Italy;Sardinia;Golfo di Marinella
Italy;Lake Garda;Peschiera del Garda
Switzerland;Alpes Vaudoises;Les Diablerets
France;Lorraine-Vosges;La Bresse
France;Gard-Lozère;Bagnols sur Cèze
France;Luberon;Villelaure
Italy;Tuscany Coast;Vada
Italy;Emilia Romagna;Cattolica
Spain;Barcelona Costa Norte;Sant Cebrià de Vallalta
Italy;Abruzzo/Molise;Città Sant'Angelo
Spain;Costa del Sol;Calahonda
Italy;Lake Garda;Riva del Garda
Belgium;Coast;De Panne
Croatia;Istria;Rovinj/Kanfanar
France;Brittany - Southern;La-Forêt-Fouesnant
Italy;Trasimeno Lake;Passignano sul Trasimeno
France;Hérault-Aude;Narbonne-Plage
Italy;Aosta Valley;Courmayeur
Italy;Tuscany Coast;Monte Argentario
Switzerland;Ticino;Brissago
Italy;Emilia Romagna;Lido di Spina
Italy;Sicily;Siracusa
Italy;Florence Countryside;Vicchio
France;Ile-de-France;Paris/19
Spain;Mallorca;Llucmajor
France;Cote d'Azur;Bormes-les-Mimosas
Croatia;Central Dalmatia;Podstrana
Switzerland;Ticino;Cademario
United Kingdom;Yorkshire and the Humber;Cloughton
Italy;Tuscany Coast;Castagneto Carducci
Germany;Black Forest;Titisee-Neustadt
Italy;Tuscany Coast;Porto Santo Stefano
Switzerland;Ticino;Montagnola
France;Luberon;Saint Saturnin d'Apt
Switzerland;Ticino;Agra
Switzerland;Central Switzerland;Hellbühl
Italy;Siena and sourroundings;Montepulciano
Croatia;Central Dalmatia;Vodice/Jadrija
France;Brittany - Southern;Plonéour-Lanvern
Spain;Mallorca;Son Servera
Spain;Costa del Sol;Nerja
Italy;Arezzo, Cortona and surroundings;Lucignano
Spain;Costa del Sol;Málaga / Puerto de la Torre
Spain;Costa Blanca;Benissa
Italy;Florence Countryside;Pistoia
Italy;Lucca, Pisa and surroundings;Lucca
United Kingdom;South-West;Tintagel
Italy;Lake Como;Pianello Lario
USA;Florida South-West;Cape Coral
Italy;Sicily;Trappeto
Croatia;Istria;Poreč/Lanterna
United Kingdom;South-West;Barnstaple and Braunton
Spain;Costa del Sol;Benajarafe
Spain;Costa Daurada;Segur de Calafell
France;Provence;Lorgues
France;Dordogne-Lot&Garonne;Rouffignac
Croatia;South Dalmatia/Islands;Korčula/Korčula
France;Cote d'Azur;La Cadière d'Azur
Switzerland;Valais;Fiesch
Finland;Lappi;Pello
France;Cote d'Azur;Cogolin
Italy;Versilia, Lunigiana and sourroundings;Camaiore
France;Vendee- Western Loire;Pornic
Switzerland;Jura;Le Chenit
Switzerland;Bernese Oberland;Faulensee
France;Provence;Bédoin
France;Cote d'Azur;Saintes Maries de la Mer
Switzerland;Bernese Oberland;Brienz
Finland;Häme Pirkanmaa;Ruovesi
Italy;Umbria;Penna in Teverina
Switzerland;Central Switzerland;Lucerne
Italy;Veneto;Rosolina Mare
Portugal;Lisbon-Tejo Valley;Torres Novas
Croatia;North Dalmatia;Starigrad-Paklenica
Switzerland;Ticino;Bissone
Greece;Crete;Kalamaki
Italy;Siena and sourroundings;Pitigliano
Netherlands;Friesland;UItwellingerga
Switzerland;Ticino;Astano
France;Provence;Les Arcs sur Argens
Ireland;Cork and Kerry;Waterville
Finland;Varsinais-Suomi Satakunta;Somero
Italy;Liguria Riviera Ponente;Ospedaletti
Croatia;Central Dalmatia/Islands;Hvar/Brusje
Italy;Friuli-Venezia Giulia;Lignano
Switzerland;Ticino;Lugano
Germany;Black Forest;Schiltach
France;Gironde;Lacanau - Lac
Italy;Siena and sourroundings;Montalcino
Italy;Tuscany Coast;Piombino
Netherlands;Noord-Holland;Uitgeest
Germany;Allgau;Sonthofen
France;Corsica;Chiavari
Italy;Florence Countryside;Dicomano
France;Luberon;Robion
Italy;Sicily;San Vito lo Capo
Spain;Mallorca;Pollença
United Kingdom;Greater London;London Kensington
Switzerland;Praettigau/Landwassertal;Pany
France;Hérault-Aude;Port Leucate
Italy;Lake Como;Schignano
France;Burgundy;Tournus
Italy;Siena and sourroundings;Radicofani
Spain;Mallorca;Can Picafort
Austria;Ötztal;Umhausen
Italy;Sardinia;Sant'Anna Arresi
France;Cote d'Azur;La Ciotat
Italy;Versilia, Lunigiana and sourroundings;Torre del Lago Puccini
Croatia;Istria;Poreč/Buići
Ireland;West Ireland;Clonbur
Switzerland;Jura;Undervelier
Germany;Allgau;Lechbruck am See
Spain;Costa Brava;Tossa de Mar
Spain;Costa Blanca;La Nucia
Denmark;South-western Jutland;Blaavand
Spain;Costa Brava;Playa de Aro
Austria;Tyrol;Pians
Switzerland;Ticino;Sessa
Switzerland;Eastern Switzerland;Elm
Italy;Versilia, Lunigiana and sourroundings;Forte dei Marmi
Italy;Tuscany Chianti;San Casciano Val di Pesa
France;Cote d'Azur;Six Fours La Coudoulière
Switzerland;Ticino;Carona
Italy;Lake Maggiore;Isola Dei Pescatori
Croatia;Central Dalmatia/Islands;Hvar/Hvar
Italy;Liguria Riviera Levante & Cinque Terre;Deiva Marina
France;Lot;Gourdon
Austria;Montafon;Sankt Anton im Montafon
Austria;Vorarlberg;Egg
France;Brittany - Southern;Pointe du Raz
France;Cote d'Azur;La Môle
France;Hérault-Aude;Fleury d'Aude
Spain;Mallorca;Inca
Germany;Allgau;Füssen
Italy;Lake Maggiore;Porto Valtravaglia
Germany;Lake Constance;Immenstaad
Italy;Liguria Riviera Ponente;Diano Marina
Switzerland;Ticino;Ponto Valentino
Italy;Tuscany Chianti;Poggibonsi
Croatia;Central Dalmatia;Šibenik/Zablaće
France;Ardèche/Drôme;Buis-les-Baronnies
Switzerland;Valais;Münster
Switzerland;Engadine;Maloja
Switzerland;Ticino;Cavigliano
Switzerland;Ticino;Pregassona Cureggia
Belgium;Ardennes;Blaimont
Italy;Liguria Riviera Ponente;Finale Ligure
Spain;Barcelona Costa Norte;Mataró
Italy;Lucca, Pisa and surroundings;Palaia
Italy;Lake Como;Ossuccio
France;Provence;Orange
France;Normandy;Cuves
Austria;Salzkammergut;Sankt Wolfgang im Salzkammergut
Italy;Sardinia;Porto Cervo
Switzerland;Ticino;Breganzona
Italy;Arezzo, Cortona and surroundings;Poppi
Germany;Rhine - Mosel - Ahr - Lahn;Traben-Trarbach
United Kingdom;Greater London;London South Bank
Spain;Costa del Sol;Málaga
France;Luberon;Lourmarin
Italy;Lake Como;Pognana Lario
Netherlands;Zuid-Holland;Zuid-Beijerland
France;Brittany - Northern;Trévou
Italy;Amalfi Coast;Vietri sul Mare
Greece;Crete;Heraklion
Italy;Tuscany Coast;Capalbio
Switzerland;Ticino;Brione
Italy;Sardinia;Budoni
Switzerland;Central Switzerland;Emmetten
Italy;Lake Ledro;Lago di Ledro
Italy;Puglia-Salento;Castro
Germany;Lake Constance;Langenargen
Italy;Friuli-Venezia Giulia;Aprilia Marittima
Italy;Emilia Romagna;Torre Pedrera
Germany;Brandenburg;Berlin
Croatia;Istria;Pula/Duga uvala
France;Cote d'Azur;La Croix-Valmer
Germany;Black Forest;Lenzkirch
France;Cote d'Azur;Juan les Pins
France;Hérault-Aude;Lagrasse
Italy;Versilia, Lunigiana and sourroundings;Viareggio
Switzerland;Ticino;Berzona
Switzerland;Ticino;Cevio
Germany;North Sea;Brake
France;Cote d'Azur;Cagnes-sur-Mer
France;Cote d'Azur;Six Fours
Poland;Tatras;Bukowina-Czarna Gora
France;Gard-Lozère;Vauvert
Denmark;Limfjord;Struer
Spain;Gran Canaria;Las Palmas
Italy;Liguria Riviera Levante & Cinque Terre;Lerici
Italy;Liguria Riviera Ponente;Arma di Taggia
Greece;Crete;Stavros, Chania
Belgium;Ardennes;Vielsalm
Italy;Tuscany Coast;Sassetta
Italy;Elba Island;Elba Nisporto
Spain;Costa del Sol;Benalmádena Costa
Croatia;North Dalmatia/Islands;Ugljan/Kali
Hungary;Lake Balaton - South Shore;Balatonboglar
Switzerland;Mittelbünden;Tschiertschen
Italy;Puglia-Trulli, Valle d‘Itria;Ceglie Messapica
Croatia;Central Dalmatia;Rogoznica/Ražanj
France;Luberon;L'isle sur la Sorgue
Croatia;Istria;Umag/Savudrija
Austria;Salzburg;Uttendorf
Germany;Black Forest;Eisenbach
Switzerland;Mittelbünden;Alvaneu
Austria;Vienna;Vienna / 19. District
Italy;Liguria Riviera Ponente;Imperia
Switzerland;Ticino;Gentilino
Switzerland;Ticino;Ludiano
France;Hérault-Aude;Valras Plage
Austria;Burgenland;Ritzing
Finland;Pohjois-Pohjanmaa Kainuu;Kuusamo
Switzerland;Ticino;Monteggio
Italy;Versilia, Lunigiana and sourroundings;Pietrasanta
Croatia;North Dalmatia;Petrčane
Spain;Costa Brava;Vall-Llobrega
Germany;Hessisches Bergland;Volkmarsen
France;Lot;Montcuq
Spain;Costa del Azahar;Peñiscola
Italy;Versilia, Lunigiana and sourroundings;Marina di Massa
Italy;Lake Como;Como
Austria;Salzkammergut;Grundlsee
Denmark;Sealand;Karrebæksminde
France;Cote d'Azur;Sanary sur Mer
Denmark;Central Jutland;Ringkobing
Denmark;South-western Jutland;Fanø
Denmark;Central Jutland;Ulfborg
Italy;Elba Island;Elba Procchio
Switzerland;Ticino;Gandria
Croatia;Kvarner;Opatija/Matulji
Cyprus;Protaras;Paralimni
Austria;Vienna;Vienna / 10. District
Austria;Tyrol;Niederau
France;Poitou-Charentes;Ile d'Oléron
Italy;Lake Garda;Toscolano
Italy;Cilento;Ascea Marina
Portugal;Algarve;Portimão
Switzerland;Central Switzerland;Ennetbürgen
Italy;Siena and sourroundings;Celle sul Rigo
Germany;Baltic Sea;Stahlbrode
France;Luberon;Banon
Italy;Tuscany Coast;Scansano
Italy;Liguria Riviera Ponente;Marina di Andora
Italy;Versilia, Lunigiana and sourroundings;Pontremoli
Austria;Tyrol;Fulpmes
Hungary;Lake Balaton - South Shore;Balatonboglar/Balatonoszod
France;Brittany - Southern;Concarneau
Finland;Häme Pirkanmaa;Sastamala
Italy;Lake Garda;Salo'
Switzerland;Eastern Switzerland;Amden
Italy;Piemonte-Langhe & Monferrato;Frinco
Italy;Lake Lugano;Lavena Ponte Tresa
Denmark;SE Jutland;Hejls
Italy;Tuscany Chianti;Tavarnelle Val di Pesa
Spain;Tenerife;Palm- Mar
USA;Florida Central West;St Petersburg/Treasure Island
USA;Florida South-East;Miami/Sunny Isles
Spain;Barcelona Costa Norte;El Masnou
France;Pyrénées-Orientales;Argelès sur Mer
France;Provence;Grans
France;Gard-Lozère;Nîmes
Italy;Sicily;Piedimonte Etneo
France;Normandy;Blonville sur mer
Croatia;Central Dalmatia;Trogir/Slatine
Belgium;Cities;Brussels
Ireland;South East;Tullow
Austria;Vienna;Gerasdorf bei Wien
Italy;Puglia-Trulli, Valle d‘Itria;Ostuni
Italy;Florence Countryside;Reggello
France;Cote d'Azur;Villeneuve-Loubet
Austria;Vorarlberg;Frastanz
France;Luberon;Grambois
Denmark;North Jutland;Hals
Italy;Elba Island;Elba Porto Azzurro
Austria;Tyrol;Feichten im Kaunertal
France;Cote d'Azur;Fréjus
France;Auvergne;Puy-en-Velay
Austria;Pitztal valley;Sankt Leonhard im Pitztal
Italy;Dolomites;Selva Gardena Wolkenstein
Austria;Arlberg mountain;Sankt Anton am Arlberg
France;Savoie - Haute Savoie;Chamonix - Les Praz
France;Provence;Avignon
Austria;Tyrol;Steinach am Brenner
Austria;Salzburg;Obertauern
France;Basque Country;Hendaye
Ireland;The Shannon Region;Kilkee
Switzerland;Central Switzerland;Beckenried
Italy;Trentino-High Adige;Pinzolo
France;Burgundy;Tanlay
Slovakia;Preschau Region;Tatranska Kotlina
Netherlands;Zeeland;Breskens
Austria;Salzburg;Niedernsill
Spain;Costa de la Luz;Zahara de los Atunes
Ireland;Cork and Kerry;Dingle
France;Savoie - Haute Savoie;Abondance
Italy;Aosta Valley;Cogne
Poland;Beskidy;Miedzybrodzie Zywieckie
Italy;Lucca, Pisa and surroundings;Montopoli in Valdarno
Slovakia;Sillein Region;Oravska Polhora
Italy;Veneto;Asiago
Poland;Baltic Sea (Poland);Rowy
Austria;Styria;Gröbming
Croatia;North Dalmatia/Islands;Ugljan/Preko
France;Brittany - Southern;Arzon
Belgium;Ardennes;Marche-en-Famenne
France;Savoie - Haute Savoie;Les Contamines
Italy;Tuscany Coast;Baratti
Austria;Gasteinertal;Bad Hofgastein
Croatia;South Dalmatia/Islands;Korčula/Zavalatica
Italy;Siena and sourroundings;Castiglione d'Orcia
Croatia;Kvarner;Opatija/Kastav
Italy;Siena and sourroundings;Rapolano Terme
France;Corsica;Calcatoggio
Switzerland;Bernese Oberland;Aeschi bei Spiez
Hungary;Lake Balaton - South Shore;Balatonfoldvar/Balatonszarszo
Poland;Baltic Sea (Poland);Sopot
Switzerland;Bernese Oberland;Sigriswil
Hungary;Lake Balaton - North Shore;Lesencetomaj
France;Ile-de-France;Paris/6
Spain;Costa del Sol;Marbella
France;Cote d'Azur;Les Mayons
Germany;Baltic Sea;Ostseebad Prerow
Spain;Madrid;Madrid
United Kingdom;Greater London;London South
Germany;North Sea;Greetsiel
Czech Republic;Central Bohemia;Karlstejn
Denmark;North Jutland;Vestervig
Italy;Tuscany Chianti;Pergine Valdarno
France;Normandy;Villers sur mer
Italy;Sicily;Eolie Lipari
Austria;Upper Austria;Ried im Innkreis
United Kingdom;South-East;Rochester
Spain;Costa Daurada;La Pineda
Austria;Carinthia;Egg - Nassfeld
France;Lot;Salviac
South Africa;Eastern Cape;Jeffreys Bay
Greece;Crete;Kokkino Chorio
Croatia;Istria;Buje/Brtonigla
Finland;Lappi;Rovaniemi
Italy;Sicily;Ribera
Spain;Mallorca;Port Pollença
Czech Republic;Prague and vicinity;Praha/2
Croatia;Istria;Pula/Marčana
Italy;Lazio;Guidonia
Germany;Saxony;Arzberg
Croatia;South Dalmatia;Dubrovnik/Orašac
Austria;Tyrol;Schmirn
Italy;Lake Maggiore;Ispra
Spain;Costa del Sol;Vélez Málaga
United Kingdom;South-East;Portsmouth
United Kingdom;Yorkshire and the Humber;Scarborough
Italy;Liguria Riviera Levante & Cinque Terre;Moneglia
Croatia;Istria;Umag/Juricani
Italy;Lake Como;Vercana
Spain;Costa de Almería;Roquetas de Mar
Italy;Florence Countryside;Pelago
Italy;Umbria;Amelia
Switzerland;Lake Geneva Region;Morges
Hungary;Lake Balaton - North Shore;Balatonfured/Tihany
Croatia;Kvarner;Mošćenička Draga
Spain;Costa Daurada;St Carles de la Ràpita
Austria;Salzburg;Lofer
Greece;Peloponese;Nafplio
Austria;Tyrol;Kössen
United Kingdom;South-West;St Austell
Germany;Harz;Altenau
Italy;Trentino-High Adige;Mezzana Marilleva
Italy;Sicily;Scillato
Hungary;Lake Balaton - South Shore;Szántód
Croatia;South Dalmatia;Trstenik/Dingač
United Kingdom;Scotland;Grantown on Spey
Spain;Mallorca;Santa Ponça
United Kingdom;Greater London;London Harrow
Ireland;Cork and Kerry;Killarney
Italy;Lago d’Orta;Pettenasco
France;Cote d'Azur;La Londe Les Maures
Spain;Costa Cálida;La Manga del Mar Menor
Austria;Zillertal;Hippach
Portugal;Algarve;Olhão
Germany;Black Forest;Sasbachwalden
Italy;Lake Garda;Garda
Denmark;Sealand;Dronningmolle
Croatia;Istria;Umag/Čepljani
Germany;Brandenburg;Bad Saarow
Italy;Puglia-Salento;Porto Cesareo
Italy;Emilia Romagna;Lido di Dante
Italy;Cilento;Paestum
Spain;Costa del Sol;Torremolinos
Croatia;Central Dalmatia;Baška Voda
Germany;North Sea;Dorum
Spain;Gran Canaria;Moya
France;Cote d'Azur;Mandelieu
Hungary;Thermal;Vindornyalak
France;Ile-de-France;Paris / Pré Saint Gervais
Austria;Tyrol;Westendorf
Spain;Ibiza;Sant Carles Peralta
Italy;Trentino-High Adige;Madonna di Campiglio
France;Hautes Pyrénées;Barèges
Germany;Upper Bavaria;Inzell
Ireland;The Shannon Region;Doolin
United Kingdom;Scotland;Stonehaven
Austria;Vienna;Wien/ 20. District
Italy;Trentino-High Adige;Terme di Comano
Italy;Piemonte;Sandigliano
Austria;Tyrol;Oberperfuss
Croatia;Central Dalmatia;Makarska
Belgium;Ardennes;Durbuy
Italy;Aosta Valley;Arvier
Turkey;Aegean Region;Bodrum / Güllük
Italy;Lazio;Sperlonga
Hungary;Budapest;Budapest
France;Basque Country;Anglet
Croatia;North Dalmatia;Zadar/Sukošan
Spain;Costa Daurada;Tarragona
Italy;Lazio;Gaeta
Switzerland;Lake Geneva Region;Geneva
Austria;Tyrol;Waidring im PillerseeTal
Italy;Umbria;Passaggio di Bettona
Austria;Lungau;Mariapfarr
Germany;Rhine - Mosel - Ahr - Lahn;Trier
Croatia;Central Dalmatia/Islands;Hvar/Jelsa
Croatia;Central Dalmatia/Islands;Hvar/Kalober
France;Ile-de-France;Paris/17
Germany;Upper Bavaria;Ruhpolding
Germany;Black Forest;Schutterzell
Germany;Eifel;Gemünd
Germany;Black Forest;Bad Wildbad
Croatia;Kvarner;Opatija/Volosko
Croatia;Kvarner/Islands;Krk/Baška
Austria;Tyrol;Oberau
Croatia;Kvarner/Islands;Pag/Novalja
Spain;Madrid;El Escorial
Netherlands;Noord-Holland;Medemblik
Italy;Veneto;Eraclea Mare
Austria;Carinthia;Millstättersee
Italy;Marche;Pedaso
Italy;Tuscany Chianti;Lucolena in Chianti
Denmark;North Jutland;Løkken
Italy;Aosta Valley;St Nicolas
Italy;Abruzzo/Molise;Roseto degli Abruzzi
Croatia;North Dalmatia;Pakoštane/Drage
Slovakia;Preschau Region;Stara Lesna
France;Alsace;Marckolsheim
Italy;Emilia Romagna;Porto Verde
Italy;Liguria Riviera Ponente;Albisola
Austria;Großarltal;Grossarl
Italy;Arezzo, Cortona and surroundings;Castelfranco di Sopra
Croatia;Kvarner;Opatija
Italy;Sardinia;Cardedu
Italy;Puglia-Gargano;Vieste
Luxembourg;Ardennes;Hosingen
France;Savoie - Haute Savoie;Morzine
Austria;Tyrol;Scharnitz
Germany;Rhine - Mosel - Ahr - Lahn;Sankt Goarshausen
Germany;Black Forest;Feldberg
Austria;Tyrol;Alpbach
France;Provence;Vinon sur Verdon
France;Savoie - Haute Savoie;Châtel
France;Poitou-Charentes;Barbezieux
Czech Republic;South Bohemia;Nova Ves
France;Normandy;Sourdeval
Czech Republic;Prague and vicinity;Praha/6
Italy;Lucca, Pisa and surroundings;Barga
Austria;Eastern Tyrol;Kals am Großglockner
Finland;Lappi;Sodankylä
Netherlands;Overijssel;Dalfsen
France;Poitou-Charentes;Saint Maixent l'Ecole
Hungary;Lake Balaton - North Shore;Balatonalmadi/Lovas
Germany;Upper Bavaria;Wallgau
Italy;Lake Maggiore;Brezzo di Bedero
Italy;Dolomites;Alleghe
Belgium;Coast;Oostende
Czech Republic;South Bohemia;Plana nad Luznici
Netherlands;Limburg;Belfeld
Germany;Saxony;Dresden
Belgium;Coast;Bredene
Croatia;South Dalmatia;Blace
Switzerland;Valais;Les Hauderes
Austria;Salzburg;Hollersbach im Pinzgau
Portugal;Algarve;Carvoeiro
Sweden;Jönköping;Tranås
Switzerland;Bernese Oberland;Brienzwiler
Italy;Liguria Riviera Levante & Cinque Terre;Chiavari
Germany;Sauerland;Schmallenberg
Switzerland;Valais;Saas-Almagell
France;Corsica;Lopigna
Italy;Sicily;Palermo
Netherlands;Noord-Holland;Purmerend
Austria;Tyrol;Hopfgarten im Brixental
Spain;Inland Andalucia;Córdoba/Baena
France;Vendee- Western Loire;Thorigné d'Anjou
Germany;Eifel;Antweiler
France;Ile-de-France;Paris/Vincennes
Austria;Eastern Tyrol;Matrei in Osttirol
Czech Republic;Karlovy Vary and vicinity;Jachymov
Czech Republic;Liberec Region Jizera Mnts.;Kořenov
Italy;Arezzo, Cortona and surroundings;Terranuova Bracciolini
Switzerland;Viamala/Surses/Albulatal;Alvaschein GR
Germany;Allgau;Oberstdorf
Czech Republic;Liberec Region Jizera Mnts.;Novy Bor
Spain;Inland Catalonia;La Garriga
Austria;Zillertal;Tux
France;Lot;Lauzerte
Austria;Tyrol;Schwoich
Austria;Tyrol;Matrei am Brenner
Italy;Tuscany Chianti;Castelnuovo Berardenga
Italy;Florence Countryside;Montelupo Fiorentino
Austria;Tyrol;Reutte
Germany;Saxony;Schellerhau
Italy;Sicily;Nunziata
Italy;Siena and sourroundings;Arcidosso
Austria;Salzkammergut;Altaussee
Austria;Vorarlberg;Blons
Germany;Sauerland;Willingen
France;Lorraine-Vosges;Saint Julien
France;Brittany - Northern;Guingamp
Spain;Costa Blanca;Alicante
Belgium;Ardennes;Hastière-par-Dela
Poland;Beskidy;Targanice
Spain;Tenerife;La Esperanza
Hungary;Lake Balaton - South Shore;Balatonboglar/Balatonlelle
France;Vendee- Western Loire;Les Sables d'Olonne
Italy;Lake Maggiore;Oggebbio
Italy;Liguria Riviera Ponente;Mortola
Belgium;Ardennes;La Roche-en-Ardenne
Germany;Bavarian Forest;Kollnburg
France;Hérault-Aude;Montréal
Croatia;Istria;Rovinj/Žminj
Netherlands;Noord-Holland;Wieringen
Czech Republic;Liberec Region Jizera Mnts.;Tanvald
Italy;Lazio;San Polo
Poland;Little Poland;Krakow
Czech Republic;Pilsen and vicinity;Plzen
France;Poitou-Charentes;Royan
France;Ardèche/Drôme;Saint Just d'Ardèche
Croatia;Kvarner Hills;Plitvice
Germany;Saxony;Wurzen
Luxembourg;Müller valley;Waldbillig
Austria;Carinthia;Sankt Andrä
Austria;Styria;Ramsau am Dachstein
Germany;Weserbergland;Extertal
Spain;Asturias;Tresgrandas/Llanes
Austria;Salzkammergut;Pinsdorf
Italy;Lazio;Collevecchio
Italy;Lake Garda;Manerba
Spain;Costa Brava;Navata
Italy;Tuscany Chianti;Greve in Chianti
France;Provence;Malaucène
Germany;Franken - Fichtelgebirge - Taubertal;Schnelldorf
Luxembourg;Müller valley;Dillingen
Italy;Lake Maggiore;Luino
Belgium;Coast;Oostduinkerke
Italy;Lake Garda;Brenzone
Spain;Barcelona Costa Norte;Pineda de Mar
Italy;Puglia-Trulli, Valle d‘Itria;Martina Franca
Switzerland;Central Switzerland;Gersau
Italy;Sicily;Mascali
Hungary;Lake Balaton - South Shore;Siofok
United Kingdom;South-West;North - South Molton
Spain;Tenerife;El Rosario
Greece;Peloponese;Amaliada
Italy;Lucca, Pisa and surroundings;Orentano
Croatia;Istria;Škrapi
Italy;Liguria Riviera Levante & Cinque Terre;Ameglia
Poland;Pomerania;Sianowska Huta
Netherlands;Zeeland;Vlissingen
Czech Republic;South Bohemia;Lipno nad Vltavou
Croatia;Istria;Kotli
Croatia;Kvarner Hills;Ravna Gora
Germany;Weserbergland;Uslar
Croatia;Istria;Umag/Babići
Italy;Florence Countryside;Scarperia
Spain;Costa Daurada;Cunit
Germany;Harz;Hasselfelde
Italy;Lake Garda;Lonato del Garda
Croatia;Kvarner;Opatija/Mihelići
Germany;Bavarian Forest;Grafenau
France;Provence;Noves
Czech Republic;Bohemian Moravian Highlands;Svetla nad Sazavou
Germany;Black Forest;Unterkirnach
Italy;Lago d’Orta;Orta San Giulio
Croatia;Kvarner;Selce
Italy;Sicily;Balestrate
Germany;Bavarian Forest;Arrach
France;Dordogne-Lot&Garonne;Domme
Luxembourg;Ardennes;Enscherange
Germany;Thuringian Forest;Geschwenda
Italy;Tuscany Chianti;Gaiole in Chianti
Czech Republic;Bohemian Moravian Highlands;Hlinsko v Cechach
Germany;Hessisches Bergland;Wabern
Italy;Trasimeno Lake;Castiglione del Lago
Italy;Lucca, Pisa and surroundings;Casciana Terme
Belgium;Ardennes;Bièvre
Hungary;Lake Balaton - North Shore;Balatonalmadi/Felsoors
Hungary;Lake Balaton - South Shore;Keszthely/Balatonkeresztur
Germany;Bavarian Forest;Sankt Englmar
France;Brittany - Southern;Carnac
Belgium;Wallonia;Ellezelles
United Kingdom;South-East;Northiam - Brede
France;Basque Country;Villefranque
Germany;Harz;Tanne
Germany;Thuringian Forest;Masserberg
Denmark;Sealand;Vejby
Netherlands;Gelderland;Hulshorst
Italy;Veneto;Colli Euganei
Netherlands;Zeeland;Wemeldinge
Poland;Tatras;Mecina
Belgium;Ardennes;Durbuy-Bomal sur Ourthe
Germany;North Sea;Hechthausen
France;Normandy;Saint-Pair-sur-Mer
Hungary;Lake Balaton - South Shore;Balatonföldvár
France;Brittany - Southern;Chateaulin
Czech Republic;Liberec Region Jizera Mnts.;Sezimky
France;Brittany - Northern;Tréguier
Italy;Emilia Romagna;Salsomaggiore Terme
Germany;Rhine - Mosel - Ahr - Lahn;Hennef
Denmark;Lolland;Rødby
Denmark;Limfjord;Thisted
Netherlands;Gelderland;Lochem
Germany;Eifel;Monschau
Germany;Bavarian Forest;Vilshofen
Belgium;Ardennes;Mesnil-Saint-Blaise
Italy;Umbria;Collazzone
France;Burgundy;Arthonnay
Germany;Teutoburger Wald;Blomberg
Spain;Tenerife;Puerto de la Cruz
Italy;Lake Maggiore;Stresa
Croatia;Kvarner/Islands;Krk/Njivice
Austria;Lower Austria;Aggsbach Markt
Luxembourg;Ardennes;Wilwerwiltz
Germany;Harz;Braunlage
Denmark;Funen, Langeland and Aero;Asperup
Denmark;South-western Jutland;Vejers Strand
Croatia;Istria;Pićan
Germany;Hessisches Bergland;Gellershausen
France;Normandy;Criquetot
Denmark;Funen, Langeland and Aero;Faaborg
Croatia;Istria;Buje/Plovanija
Croatia;Istria;Buje
Spain;Fuerteventura;La Asomada
Ireland;West Ireland;The Neale
Netherlands;Noord-Holland;Heiloo
France;Poitou-Charentes;Brossac
France;Brittany - Northern;Lannion
Italy;Calabria;Capo Vaticano
Croatia;Central Dalmatia;Split
Italy;Tuscany Coast;Castiglioncello
Croatia;Central Dalmatia;Šibenik/Dubrava
France;Normandy;Cambremer
Spain;Cantabria;Potes
Netherlands;Zeeland;Kleverskerke/Arnemuiden
Germany;Eifel;Gerolstein
Belgium;Ardennes;Houffalize
France;Brittany - Northern;Pleubian
Poland;Little Poland;Borowna
Croatia;North Dalmatia/Islands;Ugljan/Ugljan
Austria;Salzburg;Annaberg - Lungötz
Austria;Tyrol;Brixen im Thale
Austria;Carinthia;Bleiburg
Italy;Sicily;Avola
France;Savoie - Haute Savoie;La Clusaz
Italy;Trentino-High Adige;Malè
Italy;Puglia-Salento;Tricase
Croatia;Istria;Medulin/Ližnjan
Austria;Carinthia;Turracher Höhe
Italy;Dolomites;Predazzo
Italy;Lazio;Rome
Austria;Salzburg;Flachau
United Kingdom;Greater London;London South East
Czech Republic;Hradec Kralove Region Giant Mnts. Orlicke Mnts.;Vrchlabi
Czech Republic;South Bohemia;Bechyne
Poland;Mazury;Grunwald
Italy;Trentino-High Adige;Marilleva 1400
Czech Republic;Prague and vicinity;Praha/8
Croatia;Kvarner;Mošćenička Draga/Sv. Jelena
Italy;Sicily;Fontane Bianche
Croatia;Kvarner;Opatija/Ika
Czech Republic;Karlovy Vary and vicinity;Marianske Lazne
Poland;Beskidy;Wadowice
Poland;Beskidy;Zawoja
Czech Republic;Liberec Region Jizera Mnts.;Harrachov
United Kingdom;Greater London;London West End
Austria;Tyrol;Kirchberg in Tirol
Poland;Sudeten;Szklarska Poreba
Croatia;Central Dalmatia;Raslina
Italy;Trentino-High Adige;Marilleva 900
Poland;Mazury;Wielkie Lezno
Croatia;Central Dalmatia/Islands;Brač/Supetar
Italy;Umbria;Città di Castello
Cyprus;Larnaca;Oroklini
Poland;Beskidy;Rzyki
Croatia;North Dalmatia/Islands;Rivanj/Rivanj
France;Corsica;Porto
Poland;Large Poland;Jeziory Wielkie
Italy;Lucca, Pisa and surroundings;Castelnuovo di Garfagnana
Hungary;Thermal;Buk-Thermal
Czech Republic;Bohemian Moravian Highlands;Horní Cerekev
Czech Republic;Zlin Region Javorniky Mnts.;Luhacovice
Poland;Sudeten;Duszniki Zdroj
Poland;Mazury;Ogonki
France;Luberon;Gordes
Czech Republic;Liberec Region Jizera Mnts.;Janov nad Nisou
Italy;Sicily;Nicolosi
Italy;Lake Maggiore;Baveno
Croatia;Central Dalmatia;Šibenik/Solaris
Italy;Liguria Riviera Ponente;Ventimiglia
Czech Republic;Liberec Region Jizera Mnts.;Liberec
Italy;Puglia-Gargano;San Menaio
Spain;Barcelona Costa Norte;Malgrat de Mar
Italy;Emilia Romagna;Rimini
Croatia;North Dalmatia;Biograd na Moru
Croatia;South Dalmatia;Dubrovnik/Gruda
Poland;Mazury;Gorlo
Poland;Large Poland;Chlebice
Poland;Baltic Sea (Poland);Gardna Wielka
Italy;Arezzo, Cortona and surroundings;Sansepolcro
Croatia;Central Dalmatia/Islands;Brač/Splitska
France;Burgundy;Etang sur Arroux
Italy;Lazio;Caprarola
Czech Republic;Prague and vicinity;Praha/4
Croatia;Kvarner;Crikvenica
Poland;Baltic Sea (Poland);Jurata
Croatia;Kvarner;Karlobag
Croatia;Kvarner/Islands;Krk/Omišalj
Croatia;South Dalmatia;Trstenik
Italy;Veneto;Caorle
Austria;Carinthia;Seeboden
Poland;Mazury;Blanki
Poland;Sudeten;Karpacz
Spain;Costa del Sol;Macharaviaya
Czech Republic;Bohemian Moravian Highlands;Holetín
Croatia;Central Dalmatia;Trogir/Vranjica
United Kingdom;Scotland;Plockton
Croatia;Central Dalmatia;Brodarica/Žaborić
Croatia;Central Dalmatia;Rogoznica
Poland;Mazury;Warchaly
Croatia;Central Dalmatia/Islands;Hvar/Sućuraj
Croatia;South Dalmatia/Islands;Korčula/Brna
Poland;Mazury;Ostrów Wielki
Austria;Tyrol;Kirchdorf in Tirol
Spain;Costa Brava;Sta Cristina d'Aro
Italy;Umbria;Todi
Croatia;North Dalmatia/Islands;Ugljan/Kukljica
Poland;Mazury;Natac Wielka
Italy;Sardinia;Ottiolu
Hungary;Lake Balaton - North Shore;Balatonfured
Italy;Lake Como;Lecco
Poland;Beskidy;Rychwald
Croatia;Istria;Umag/Murine
Poland;Pomerania;Borek Sulecki
Denmark;Bornholm;Ronne
Denmark;Limfjord;Roslev
Hungary;Lake Balaton - South Shore;Fonyód
Poland;Baltic Sea (Poland);Dabki
Italy;Siena and sourroundings;Chianciano Terme
Italy;Sicily;Catania
Spain;Inland Andalucia;Córdoba/ Cabra
Poland;Pomerania;Golczewo
France;Basque Country;Bidart
Germany;Bavarian Forest;Bad Griesbach
Italy;Marche;Pesaro
United Kingdom;South-West;Looe
France;Ile-de-France;Paris/Boulogne
Croatia;Kvarner/Islands;Krk/Šilo
Croatia;North Dalmatia/Islands;Pašman/Neviđane
Spain;Costa del Sol;Algarrobo Costa
Italy;Lake Como;Menaggio
Austria;Tyrol;Wiesing
Croatia;North Dalmatia;Pakoštane
Poland;Tatras;Falsztyn
Italy;Arezzo, Cortona and surroundings;Cortona
Portugal;North/Oporto;Vila Nova de Gaia-Porto
Poland;Pomerania;Niedalino-Czacz
Poland;Large Poland;Powidz
Germany;Upper Bavaria;Reit im Winkl
Poland;Mazury;Stare Juchy
Poland;Mazury;Biesowko
Poland;Little Poland;Cisowa
Czech Republic;Zlin Region Javorniky Mnts.;Buchlovice/Velehrad
Poland;Silesia;Zalecze Male
Italy;Sicily;Marsala
Poland;Beskidy;Porabka
Denmark;Bornholm;Nexo
Poland;Mazury;Karwie
France;Les Landes;Biscarosse
Poland;Baltic Sea (Poland);Smoldzinski Las
Croatia;South Dalmatia/Islands;Korčula/Prižba
Poland;Mazury;Spychowo-Kierwik
Poland;Silesia;Bystrzanowice
Czech Republic;South Moravian Region;Ruprechtov
Spain;Galicia;Mougas-Sta. María Oia
Spain;Galicia;O Grove/Rías Baixas
Spain;Galicia;Miño/Rías Altas
Croatia;Istria;Novigrad (Istra)
Switzerland;Central Switzerland;Greppen
Denmark;Funen, Langeland and Aero;Bogense
Poland;Pomerania;Bieszkowice
Croatia;Istria;Poreč/Radići
Hungary;Lake Balaton - North Shore;Balatonkenese/Balatonakarattya
Croatia;Central Dalmatia;Brela
Croatia;Istria;Umag/Crveni Vrh
Croatia;Central Dalmatia/Islands;Brač/Bobovišća na Moru
Croatia;South Dalmatia;Dubrovnik/Cavtat
France;Gironde;Soulac
Italy;Tuscany Coast;Marina di Grosseto
Denmark;Falster;Væggerløse
Spain;Barcelona Costa Norte;Sant Pol de Mar
Croatia;Istria;Umag/Volparija
Czech Republic;Hradec Kralove Region Giant Mnts. Orlicke Mnts.;Cerny Dul/Cista
Italy;Arezzo, Cortona and surroundings;Castiglion Fiorentino
Poland;Pomerania;Lisewiec
Italy;Sicily;Letojanni
Italy;Lake Garda;Gardone Riviera
Belgium;Interior;Poperinge
Croatia;North Dalmatia;Nin
Denmark;Sealand;Slagelse
Italy;Siena and sourroundings;San Casciano dei Bagni
Denmark;Flensborg Fjord;Egernsund
Poland;Mazury;Sejny
Croatia;North Dalmatia/Islands;Molat/Molat
Italy;Florence Countryside;Montecatini Terme
Italy;Lucca, Pisa and surroundings;Bagni di Lucca
Poland;Beskidy;Bierna
Denmark;Bornholm;Svaneke
Croatia;North Dalmatia/Islands;Pag/Mandre
Croatia;Kvarner;Rijeka
Hungary;Lake Balaton - North Shore;Balatonfured/Revfulop
Croatia;Istria;Fažana
Spain;Costa Brava;Blanes
Poland;Lubelskie Region;Naleczow
Croatia;Central Dalmatia/Islands;Šolta/Nečujam
Poland;Pomerania;Człuchów
Spain;Galicia;Palmeira
Italy;Tuscany Chianti;Radda in Chianti
Croatia;Istria;Umag/Finida
Italy;Amalfi Coast;Amalfi
France;Gard-Lozère;Anduze
Denmark;East Jutland;Malling
France;Limousin;Meyssac
Hungary;Lake Balaton - South Shore;Balatonboglar/Szemes
Croatia;Kvarner Hills;Crni Lug
Germany;Odenwald;Reichelsheim
Austria;Vienna;Vienna / 14. District
Croatia;Central Dalmatia/Islands;Brač/Sutivan
Denmark;Moen and Bogo;Bogo
Spain;Barcelona;Gavà
Spain;Mallorca;Port Sóller
Portugal;Algarve;Altura
Germany;Upper Bavaria;Garmisch-Partenkirchen
Italy;Sicily;Cefalù
France;Cote d'Azur;Saint Cézaire sur Siagne
France;Cote d'Azur;Antibes
Finland;Uusimaa;Sipoo
France;Brittany - Northern;Lanvollon
France;Gard-Lozère;Sommières
Portugal;Algarve;Lagos
Germany;Rhine - Mosel - Ahr - Lahn;Cochem
Finland;Pohjois-Savo;Kiuruvesi
France;Provence;Aix en Provence
Spain;Tenerife;Santa Cruz
United Kingdom;Scotland;Edinburgh
Italy;Marche;Camerino
Portugal;Algarve;Quinta Do Lago
Italy;Sicily;Riposto
Denmark;East Jutland;Storvorde
Denmark;North Jutland;Hjørring
France;Cote d'Azur;Le Beausset / Saint Anne d'Evenos
Spain;Costa Daurada;Coma-ruga
Germany;North Sea;Eckwarderhörne
Austria;Carinthia;Pörtschach am Wörthersee
Italy;Sardinia;Santa Teresa di Gallura
Denmark;SE Jutland;Aabenraa
Denmark;Central Jutland;Hovborg
France;Brittany - Northern;Plougrescant
Czech Republic;South Bohemia;Benesov nad Cernou
Slovakia;Kaschau Region;Spisska Nova Ves/Sloak Paradise
France;Luberon;Lauris
Italy;Tuscany Chianti;Montegonzi
Italy;Tuscany Coast;Ansedonia
United Kingdom;Scotland;Aviemore
Austria;Salzkammergut;Unterach am Attersee
Czech Republic;South Moravian Region;Lednice na Morave
France;Luberon;Saint Martin de Castillon
Czech Republic;Central Bohemia;Ricany
Germany;Allgau;Günzburg
Austria;Carinthia;Feldkirchen in Kärnten
Germany;Baltic Sea;Putgarten
Hungary;Lake Balaton - North Shore;Balatonfured/Balatonakali
United Kingdom;South-West;Taunton
United Kingdom;South-East;Canterbury
Norway;Northern Norway;Honningsvåg
Norway;Northern Norway;Straumsbukta
Germany;Franken - Fichtelgebirge - Taubertal;Kronach
Poland;Baltic Sea (Poland);Sasino
Czech Republic;Central Bohemia;Pyšely
Netherlands;Overijssel;Wanneperveen
Denmark;Flensborg Fjord;Sydals
Italy;Tuscany Coast;Tirrenia
France;Pyrénées-Orientales;Banyuls sur mer
United Kingdom;Scotland;Fort William
Italy;Calabria;Tropea
Hungary;Lake Balaton - North Shore;Balatonalmadi/Alsoors
France;Brittany - Southern;Le Pouldu
Germany;Upper Bavaria;Bad Reichenhall
Hungary;Thermal;Heviz - Thermal
Denmark;East Jutland;Hadsund
Germany;Black Forest;Oberharmersbach
Germany;Mecklenburgische Seenplatte;Krakow am See
Austria;Carinthia;Dellach
Spain;Tenerife;Tacoronte
Spain;Barcelona Costa Norte;Calella
Germany;Black Forest;Furtwangen
Germany;Baltic Sea;Weissenhäuser Strand
Croatia;North Dalmatia;Zadar/Kožino
Poland;Baltic Sea (Poland);Chlapowo
Germany;Baltic Sea;Kühlungsborn
Germany;Hunsrück;Blankenrath
Germany;North Sea;Marienhafe
United Kingdom;Scotland;Oban
Switzerland;Bernese Oberland;Niederried
Germany;North Sea;Dornumersiel
Spain;Inland Andalucia;Álora
Austria;Carinthia;Preitenegg
Poland;Pomerania;Dunajki
United Kingdom;East of England;Holt
France;Normandy;Bayeux
Italy;Lake Ledro;Tiarno di Sotto
Croatia;North Dalmatia;Vinjerac
Poland;Baltic Sea (Poland);Mielno
Croatia;Istria;Poreč/Višnjan
France;Les Landes;Vieux-Boucau
France;Hérault-Aude;Salles d'Aude
United Kingdom;South-West;Tiverton
Poland;Pomerania;Parchowo-Karlowo
Finland;Etelä-Savo;Kangasniemi
Belgium;Ardennes;Devantave
Italy;Lake Como;Tremezzina
Germany;Black Forest;Bräunlingen
Italy;Lake Como;Bellano
France;Brittany - Southern;Loctudy
Croatia;North Dalmatia/Islands;Komornik
United Kingdom;Wales;Porthmadog
United Kingdom;South-West;Umberleigh
Ireland;Cork and Kerry;Ardgroom
Germany;Bavarian Forest;Stamsried
Italy;Trentino-High Adige;Merano
United Kingdom;South-West;Torrington
Germany;Mecklenburgische Seenplatte;Dargun
Germany;Black Forest;Steinach
France;Poitou-Charentes;Ile de Re
Germany;Black Forest;Lossburg
France;Lot;Cazals
Croatia;North Dalmatia/Islands;Pašman/Ždrelac
Germany;North Sea;Cuxhaven
Denmark;North Jutland;Ålbæk
Germany;North Sea;Nessmersiel
Finland;Häme Pirkanmaa;Hartola
France;Savoie - Haute Savoie;Le Grand Bornand
Italy;Versilia, Lunigiana and sourroundings;Fivizzano
United Kingdom;Scotland;Isle of Skye
Finland;Häme Pirkanmaa;Tammela
France;Luberon;Bonnieux
Croatia;Istria;Poreč/Jehnići
Germany;Black Forest;Küssaberg
Germany;Thuringian Forest;Kleinhettstedt
Netherlands;Zeeland;Groede
France;Cote d'Azur;Grasse
Spain;Mallorca;Port d'Alcúdia
Poland;Baltic Sea (Poland);Swarzewo
Poland;Mazury;Szeroki Bor
Finland;Uusimaa;Karjalohja
Germany;Allgau;Oberstaufen
Denmark;North Jutland;Bindslev
Denmark;North Jutland;Pandrup
France;Provence;Maussane les Alpilles
Norway;Northern Fjord Norway;Olden
Denmark;North Jutland;Skagen
Italy;Lake Garda;San Felice del Benaco
Germany;North Sea;Burhave
Croatia;Kvarner/Islands;Rab/Supetarska Draga
Denmark;East Jutland;Ørsted
Germany;Franken - Fichtelgebirge - Taubertal;Warmensteinach
Cyprus;Larnaca;Kalavasos
Germany;Thuringian Forest;Zeulenroda
Italy;Lazio;Lido di Ostia
Poland;Baltic Sea (Poland);Swinoujscie
Denmark;East Jutland;Ebeltoft
Denmark;South-western Jutland;Henne
Croatia;Kvarner/Islands;Rab/Barbat
Finland;Varsinais-Suomi Satakunta;Parainen
Czech Republic;South Bohemia;Trebon
France;Brittany - Northern;Perros Guirec
France;Hérault-Aude;Montpellier
Finland;Keski-Suomi;Muurame
Italy;Lake Iseo and Idro;Idro
Italy;Sardinia;Porto Rotondo
Denmark;North Jutland;Fjerritslev
Hungary;Lake Balaton - North Shore;Balatonkenese
Denmark;Sealand;Fårevejle
Germany;North Sea;Tossens
Ireland;Cork and Kerry;Killorglin
Italy;Piemonte-Langhe & Monferrato;Saluzzo
Belgium;Coast;De Haan
Denmark;South-western Jutland;Hemmet
Germany;Mecklenburgische Seenplatte;Barkow
Austria;Vienna;Vienna / 3. District
Germany;Black Forest;Höchenschwand
Portugal;Algarve;Loulé
France;Savoie - Haute Savoie;Megève
Poland;Sudeten;Jelenia Gora
Poland;Beskidy;Milowka
Poland;Beskidy;Wisla
Spain;Costa Daurada;Creixell
Italy;Lake Lugano;Viggiu'
Finland;Keski-Suomi;Uurainen
Germany;Black Forest;Stühlingen
Finland;Etelä-Savo;Puumala
Czech Republic;Zlin Region Javorniky Mnts.;Valasska Bystrice
Finland;Varsinais-Suomi Satakunta;Kemiönsaari
Spain;Barcelona Costa Norte;Premia De Mar
Finland;Pohjois-Savo;Nilsiä
Finland;Kymenlaakso Etelä-Karjala;Ruokolahti
Finland;Pohjois-Karjala;Polvijärvi
Finland;Etelä-Savo;Enonkoski
Finland;Häme Pirkanmaa;Joutsa
Croatia;Central Dalmatia;Primošten
France;Loire Valley;Luzillé
Spain;Costa del Sol;Cala del Moral
Portugal;Lisbon-Tejo Valley;Cascais
Finland;Varsinais-Suomi Satakunta;Pomarkku
Spain;Costa Daurada;El Catllar
Spain;Barcelona Costa Norte;Sant Andreu de Llavaneres
France;Ile-de-France;Paris/16
Spain;Madrid;Rivas-Vaciamadrid
Luxembourg;Ardennes;Munshausen
Spain;Costa Brava;Colera
Portugal;Beira;Nelas
France;Cote d'Azur;Roquebrune sur Argens
Belgium;Ardennes;Waulsort
Spain;Costa Brava;S'Agaró
France;Gironde;Ludon-Médoc
France;Dordogne-Lot&Garonne;Duras
Switzerland;Freiburg;Enney
Belgium;Ardennes;Trois-Ponts
Spain;Gran Canaria;Teror
Belgium;Ardennes;Virton
Croatia;Central Dalmatia;Zaton (Šibenik)
Portugal;Beira;Pedrógão Pequeno
France;Corsica;Sagone
Spain;Costa Daurada;Camarles
United Kingdom;Yorkshire and the Humber;Robin Hood's Bay
Spain;Mallorca;Sa Pobla
France;Luberon;Apt
Italy;Lake Maggiore;Monvalle
Austria;Styria;Sankt Johann am Tauern
France;Les Landes;Saint Pandelon
France;Brittany - Northern;Saint Quay
Spain;Costa del Azahar;Puerto Sagunto
Ireland;Cork and Kerry;Sneem
Italy;Umbria;Valfabbrica
Germany;Black Forest;Schopfheim
Spain;Costa Daurada;El Vendrell
Spain;Costa de la Luz;Rota
France;Limousin;Beaulieu sur Dordogne
Italy;Abruzzo/Molise;Pineto
France;Poitou-Charentes;Gemozac
Spain;Costa Brava;Fonteta
United Kingdom;South-East;Rye
Portugal;Lisbon-Tejo Valley;Praia d'el Rei/Obidos
Croatia;Kvarner Hills;Skrad
Spain;Costa de la Luz;Chiclana de la frontera
France;Vendee- Western Loire;Lege
Belgium;Ardennes;Erezee
Belgium;Ardennes;Septon
Belgium;Ardennes;Oignies
Croatia;Istria;Kršan
France;Normandy;Houlgate
Italy;Sicily;Scopello
France;Lot;Figeac
France;Poitou-Charentes;Civray
Denmark;East Jutland;Børkop
Ireland;Cork and Kerry;Baltimore
Croatia;Istria;Buzet
Belgium;Belgisch Limburg;Rekem
Finland;Keski-Suomi;Kuhmoinen
France;Poitou-Charentes;Saint Jean d'Angely
Luxembourg;Moselle;Greiveldange
France;Limousin;Argentat
France;Provence;Draguignan
Italy;Lake Como;Onno
France;Savoie - Haute Savoie;Evian les Bains
France;Normandy;Criel sur Mer
Spain;Costa del Sol;Chilches
France;Corsica;Porticcio
Slovakia;Preschau Region;Kezmarok
Germany;Upper Bavaria;Riedenburg
USA;Florida South-West;Naples/Bonita Springs
Spain;Costa de la Luz;Matalascañas
France;Basque Country;Espelette
France;Cote d'Azur;Villefranche-sur-Mer
Spain;Basque Country;Urdaibai/Busturia
Spain;Mallorca;Cala Major
Italy;Sardinia;Orosei
Spain;Costa del Sol;Manilva
France;Poitou-Charentes;La Palmyre
Italy;Siena and sourroundings;Sovicille
France;Gironde;Cap Ferret
Spain;Costa de Valencia;Cullera
France;Poitou-Charentes;Saint Palais sur mer
Spain;Costa Daurada;Roda de Barà
Czech Republic;South Bohemia;Bernartice
Czech Republic;South Bohemia;Zliv
Spain;Costa Blanca;Orihuela Costa
Finland;Uusimaa;Nurmijärvi
France;Pyrénées-Orientales;Torreilles plage
Spain;Inland Andalucia;Granada
France;Gironde;Arcachon
Netherlands;Noord-Holland;Amsterdam
USA;New York;New York/Manhattan
Italy;Lucca, Pisa and surroundings;San Giuliano Terme
France;Les Landes;Saint Martin de Seignanx
Italy;Marche;Urbino
Ireland;The Shannon Region;Killaloe
France;Poitou-Charentes;La Rochelle
United Kingdom;South-West;Ilfracombe
United Kingdom;East of England;Coltishall
Italy;Lake Maggiore;Verbania
Germany;Eifel;Manderscheid
Portugal;Lisbon-Tejo Valley;Seixal
Spain;Costa Blanca;Polop
France;Auvergne;Maurs-la-Jolie
Spain;Inland Andalucia;Cordoba/Pozoblanco
France;Dordogne-Lot&Garonne;Périgueux
Spain;Cantabria;Arce de Piélagos
Italy;Sardinia;La Caletta
Denmark;Central Jutland;Vinderup
Spain;Menorca;Ciutadella
France;Brittany - Southern;Hennebont
Netherlands;Noord-Holland;St. Maartensvlotbrug
France;Hérault-Aude;Carnon
Spain;Costa Blanca;Pilar de la Horadada
Spain;Tenerife;Porís de ABONA
Germany;Rhine - Mosel - Ahr - Lahn;Nennig
Portugal;Lisbon-Tejo Valley;Rio Maior
Spain;Costa Brava;Tordera
Spain;Costa Brava;Palamós
Spain;Menorca;Cala'n Bosch
Spain;Inland Catalonia;Moià
France;Les Landes;Ondres
France;Les Landes;Hossegor
United Kingdom;South-East;Ashford
Spain;Cantabria;Gama Bárcena Cicero
Spain;Costa Tropical;Salobreña
France;Centre;Vicq sur Nahon
France;Brittany - Southern;Locronan
Hungary;Lake Balaton - South Shore;Siofok/Balatonvilagos
United Kingdom;South-East;Deal - Kingsdown
Denmark;Sealand;Skibby
Croatia;South Dalmatia/Islands;Korčula/Karbuni
Spain;Costa Brava;Bellcaire d'Emporda
Spain;Costa Daurada;Sant Jaume de Domenys
France;Gard-Lozère;Saint Jean du Gard
Austria;Carinthia;Villach
Spain;Galicia;Perbes/Rías Altas
Italy;Lazio;Formia
France;Les Landes;Labenne
Germany;Saxony;Weissenberg
Italy;Florence Countryside;Marradi
United Kingdom;Wales;New Quay
France;Vendee- Western Loire;Port Bourgenay
Spain;Inland Andalucia;Priego de Córdoba
Portugal;Lisbon-Tejo Valley;Quinta do Conde
Germany;Eifel;Aachen
Italy;Aosta Valley;St Pierre
Germany;Upper Bavaria;Oberammergau
France;Vendee- Western Loire;Mayenne
Italy;Aosta Valley;Cervinia
Finland;Keski-Suomi;Multia
Netherlands;Utrecht;Rhenen
Netherlands;Limburg;Roggel
Spain;Costa Brava;Vidreres
Finland;Keski-Suomi;Petäjävesi
Poland;Silesia;Wroclaw
Poland;Beskidy;Jordanow
Spain;Costa Daurada;Calafell
Germany;Black Forest;Bötzingen
Spain;Costa del Garraf;Canyelles
Spain;Costa Blanca;Santa Pola
Germany;Odenwald;Beerfelden
Netherlands;Zeeland;Burgh-Haamstede
Austria;Upper Austria;Kirchberg bei Mattighofen
Spain;Cantabria;Noja
Switzerland;Bernese Oberland;Matten  (St. Stephan)
France;Brittany - Northern;Saint Malo
Switzerland;Eastern Switzerland;Heiden
Spain;Costa del Azahar;Oropesa del Mar
France;Corsica;San Nicolao
Italy;Umbria;Orvieto
Spain;Barcelona Costa Norte;Vallgorguina
Italy;Amalfi Coast;Praiano
Spain;Tenerife;Icod de los Vinos
Finland;Lappi;Kittilä
Austria;Tyrol;Tulfes
Ireland;The Shannon Region;Liscannor
Croatia;Kvarner;Crikvenica/Barci
Finland;Uusimaa;Kirkkonummi
Cyprus;Protaras;Ayia Napa
Austria;Vienna;Vienna / 7. District
Croatia;Kvarner;Senj
Croatia;Central Dalmatia;Drašnice
Austria;Lower Austria;Sankt Aegyd am Neuwalde
Italy;Tuscany Coast;Marina di Castagneto
Austria;Tyrol;Achenkirch
Croatia;Kvarner;Kraljevica
Austria;Vienna;Vienna / 5. District
Austria;Pitztal valley;Wenns
Italy;Siena and sourroundings;Sarteano
Croatia;Central Dalmatia;Grebaštica
Austria;Vorarlberg;Laterns
Croatia;Istria;Rovinj/Rovinjsko Selo
Austria;Vienna;Irenental
Croatia;Istria;Vrsar
Croatia;Istria;Hum
Croatia;Istria;Gračišće
Austria;Vienna;Vienna / 17. District
Croatia;Istria;Rabac/Sveti Lovreč Labinski
Italy;Lucca, Pisa and surroundings;Chianni
Germany;Baltic Sea;Groß Zicker
Austria;Tyrol;Söll
Switzerland;Ticino;Brione sopra Minusio
Germany;Harz;Osterode
Hungary;Thermal;Zalakaros-Thermal
Spain;Fuerteventura;Gran Tarajal
Spain;Lanzarote;Playa Blanca
Italy;Sicily;Scicli
Sweden;Skåne;Tjörnarp
Italy;Lombardy;Grosotto
Spain;Gran Canaria;Telde
Switzerland;Mittelbünden;Langwies
Spain;Mallorca;Cala Torta
France;Savoie - Haute Savoie;Vallorcine
Spain;Tenerife;Bajamar
Portugal;Lisbon;Lisbon
Sweden;Stockholm;Väddö
United Kingdom;East of England;Aldeburgh
Denmark;Funen, Langeland and Aero;Tranekær
Spain;Tenerife;La Orotava
Finland;Keski-Suomi;Äänekoski
Italy;Liguria Riviera Ponente;San Bartolomeo al Mare
Spain;Tenerife;Granadilla
Norway;Northern Norway;Laukvik
Italy;Aosta Valley;Gressoney
Italy;Lucca, Pisa and surroundings;Lari
Switzerland;Praettigau/Landwassertal;Klosters
Portugal;Madeira;Madeira/Câmara de Lobos
USA;Florida Central West;Rotonda West
Italy;Lake Maggiore;Cannobio
USA;Florida South-West;Fort Myers Beach
Switzerland;Valais;Saas-Fee
Greece;Crete;Roumeli
United Kingdom;Scotland;North East Skye
Denmark;Limfjord;Øster Assels
Sweden;Bohuslän and Västra Götaland;Hökerum
Denmark;Sealand;Gørlev
Italy;Tuscany Coast;Vignale Riotorto
Switzerland;Ticino;Vergeletto - Onsernone
Italy;Arezzo, Cortona and surroundings;Montevarchi
Italy;Tuscany Coast;Guardistallo
Sweden;Stockholm;Stenhamra
Norway;Central Norway;Brekstad
Spain;Barcelona Costa Norte;Arenys de Munt
Finland;Keski-Suomi;Keuruu
Italy;Tuscany Coast;Punta Ala
Cyprus;Protaras;Protaras
Italy;Florence Countryside;Borgo San Lorenzo
Finland;Lappi;Muonio
Hungary;Lake Balaton - North Shore;Balatonfured/Csopak
Switzerland;Ticino;Malcantone
Italy;Puglia;Barletta
Spain;Valencia;València
France;Vendee- Western Loire;Talmont Saint Hilaire
Switzerland;Bernese Oberland;Merligen
Italy;Lake Maggiore;Mergozzo
Italy;Siena and sourroundings;Buonconvento
United Kingdom;East of England;Halesworth
Norway;Northern Fjord Norway;Fresvik
Finland;Keski-Suomi;Konnevesi
Spain;Mallorca;Calas de Mallorca
United Kingdom;Wales;Haverfordwest
Switzerland;Engadine;Val Poschiavo
Denmark;Central Jutland;Ansager
Switzerland;Valais;Eischoll
Italy;Sardinia;Alghero
Switzerland;Ticino;Magadino
France;Luberon;Cucuron
Finland;Varsinais-Suomi Satakunta;Naantali
Switzerland;Engadine;Celerina
Denmark;South-western Jutland;Oksbøl
Switzerland;Bernese Oberland;Boltigen
Italy;Tuscany Coast;Bibbona
Switzerland;Engadine;Müstair
United Kingdom;Greater London;London City
France;Corsica;Porto Vecchio
Italy;Piemonte-Langhe & Monferrato;Asti
Denmark;Limfjord;Spottrup
Italy;Umbria;Assisi
Croatia;Istria;Poreč/Tar
France;Cote d'Azur;Port Cogolin
Croatia;Istria;Poreč/Heraki
Finland;Etelä-Savo;Mäntyharju
Denmark;South-western Jutland;Nørre Nebel
Switzerland;Viamala/Surses/Albulatal;Surava
Switzerland;Bernese Oberland;Krattigen
United Kingdom;Scotland;Mid Skye
Cyprus;Protaras;Pernera
Switzerland;Engadine;Champfer
Greece;Crete;Platanias
Italy;Versilia, Lunigiana and sourroundings;Seravezza
Switzerland;Ticino;Gordola
Hungary;Lake Balaton - North Shore;Vonyarcvashegy
Portugal;Lisbon-Tejo Valley;Tomar
Italy;Sicily;Sampieri
Italy;Sicily;Giarre
France;Provence;Mouriès
Switzerland;Bernese Oberland;Adelboden
Spain;Costa del Sol;La Axarquía/Almogía
Switzerland;Eastern Switzerland;Sevelen
Germany;Black Forest;Görwihl
South Africa;Western Cape;Hout Bay
France;Ile-de-France;Paris/2
Spain;Inland Andalucia;Ronda
Czech Republic;Usti Region;Hřensko
Finland;Häme Pirkanmaa;Parkano
Poland;Mazury;Jablonowo
Italy;Aosta Valley;Antey St Andre
Switzerland;Bernese Oberland;St Stephan
Norway;Northern Fjord Norway;Eidsvåg i Romsdal
Spain;Gran Canaria;Maspalomas
Norway;Northern Fjord Norway;Valldal
Spain;Costa Brava;Palau Savardera
Norway;Northern Fjord Norway;Bud
Germany;Black Forest;Wolfach
Finland;Häme Pirkanmaa;Kangasala
Austria;Salzburg;Saalfelden am Steinernen Meer
Switzerland;Bernese Oberland;Leissigen
Norway;Northern Fjord Norway;Gurskøy
Switzerland;Bernese Oberland;Ringgenberg
Denmark;Sealand;Stroby Ladeplads
Italy;Versilia, Lunigiana and sourroundings;Marina Pietrasanta
Italy;Lombardy;Rivanazzano Terme
France;Normandy;Beaufour-Druval
Croatia;South Dalmatia;Dubrovnik/Dubravka
Switzerland;Bernese Oberland;Grund b. Gstaad
Austria;Salzburg;Goldegg
Finland;Pohjois-Savo;Kuopio
Switzerland;Bernese Oberland;Oberwil
France;Ile-de-France;Paris/10
Spain;Barcelona Costa Norte;Sant Vicenç de Montalt
Italy;Puglia-Salento;Carovigno
Croatia;Istria;Poreč/Sv. Lovreč
Finland;Etelä-Savo;Savonlinna
Sweden;Blekinge;Asarum
Ireland;The Shannon Region;Lisdoonvarna
Austria;Tyrol;Obernberg am Brenner
United Kingdom;South-East;Maidstone
Sweden;Bohuslän and Västra Götaland;Gullspång
United Kingdom;Scotland;Port Seton
Sweden;Stockholm;Skå
France;Vendee- Western Loire;La Tranche sur Mer
Croatia;Istria;Pula/Galižana
Italy;Lake Garda;Sirmione
Sweden;Hälsingland;Vaxholm
Netherlands;Gelderland;Otterlo
Croatia;North Dalmatia;Maslenica
Finland;Kymenlaakso Etelä-Karjala;Parikkala
Austria;Zillertal;Gerlos
Germany;Upper Bavaria;Tüssling
Germany;Upper Bavaria;Oberaudorf
Norway;Southern Fjord Norway;Nedstrand
Norway;Northern Fjord Norway;Sogndal
Spain;Fuerteventura;Caleta de Fuste Antigua
Spain;Tenerife;Arona
Netherlands;Zeeland;Zaamslag
Spain;Tenerife;Adeje
Denmark;Funen, Langeland and Aero;Nørre Aaby
United Kingdom;South-East;Crawley
Germany;Upper Bavaria;Siegsdorf
Poland;Beskidy;Lgota
Spain;Menorca;Arenal d'en Castell
Poland;Bieszczady;Bukowiec
Italy;Umbria;Spoleto
France;Normandy;Thury Harcourt
Austria;Carinthia;Steinfeld
Spain;Gran Canaria;Galdar
Italy;Versilia, Lunigiana and sourroundings;Codiponte
Norway;Northern Norway;Vangsvik
Sweden;Bohuslän and Västra Götaland;Varekil
United Kingdom;Wales;Llanrwst
United Kingdom;Wales;Milford Haven
Poland;Mazovia;Warsaw
Czech Republic;Pilsen and vicinity;Nepomuk
Denmark;Sealand;Gilleleje
Austria;Salzburg;Leogang
Austria;Tyrol;Nassereith
Belgium;Ardennes;Stoumont- La Gleize
Austria;Murtal-Kreischberg;Sankt Georgen am Kreischberg
France;Limousin;Meyrignac-l'Eglise
France;Lot;Castres
Germany;Rhine - Mosel - Ahr - Lahn;Bad Neuenahr-Ahrweiler
Italy;Florence Countryside;Incisa Valdarno
Croatia;Kvarner;Opatija/Veprinac
Spain;Costa Blanca;Jalón-Xaló
Croatia;North Dalmatia;Obrovac
Poland;Little Poland;Busko Zdroj
Denmark;Lolland;Dannemare
Denmark;Limfjord;Erslev
Sweden;Dalarna;Rättvik
Sweden;Bohuslän and Västra Götaland;Lysekil
Germany;Schwäbisch-Fränkischer Wald;Grosserlach
Denmark;Bornholm;Åkirkeby
Austria;Salzburg;Wagrain
France;Luberon;Vaugines
Poland;Mazury;Stacze
Spain;Gran Canaria;Santa Lucia de Tirajana
Czech Republic;Olomouc Region Jeseniky Mnts.;Ruda nad Moravou
Italy;Tuscany Chianti;Casole d'Elsa
Spain;Costa Daurada;Torredembarra
France;Ile-de-France;Paris/3
Greece;Crete;Sfakaki
Poland;Baltic Sea (Poland);Gdansk
Croatia;Central Dalmatia;Podgora
Croatia;North Dalmatia/Islands;Pag/Dinjiška
United Kingdom;Wales;New Radnor
Italy;Arezzo, Cortona and surroundings;Foiano della Chiana
Croatia;Central Dalmatia;Vinišće
Italy;Lake Maggiore;Ghiffa
Slovakia;Sillein Region;Oscadnica
Croatia;Istria;Poreč/Zgrablići
Spain;Costa del Garraf;Vilanova i la Geltrú
Croatia;Istria;Buje/Krasica
United Kingdom;Wales;Caernarfon
Italy;Lazio;Lido di Fondi
Denmark;East Jutland;Horsens
Croatia;Central Dalmatia/Islands;Hvar/Vrboska
Poland;Mazury;Rajgrod
Croatia;Istria;Poreč/Lakovići
Germany;Baltic Sea;Wiek
Czech Republic;Central Bohemia;Maníkovice
Poland;Mazovia;Popielzyn-Zawady
Finland;Pohjois-Pohjanmaa Kainuu;Sotkamo
Denmark;Central Jutland;Lemvig
Spain;Costa Brava;Fornells de la Selva
Germany;Eifel;Nörvenich
Poland;Baltic Sea (Poland);Gdynia
Italy;Liguria Riviera Ponente;Cogoleto
Croatia;Kvarner/Islands;Krk/Pinezići
Poland;Large Poland;Marylin
Poland;Beskidy;Uhryn
Italy;Sicily;Linguaglossa
Slovakia;Preschau Region;Vysne Ruzbachy
Italy;Sicily;Castellamare del Golfo
Denmark;North Jutland;Jerup
Sweden;Halland;Falkenberg
Denmark;Central Jutland;Harboøre
Spain;Mallorca;Muro
Italy;Lazio;Roma: Piazza Navona - Campo dei Fiori
Sweden;Södermanland;Hölö
Denmark;North Jutland;Blokhus
Sweden;Bohuslän and Västra Götaland;Vara
Sweden;Bohuslän and Västra Götaland;Kungshamn
Sweden;Bohuslän and Västra Götaland;Kållekärr
Switzerland;Bernese Oberland;Steffisburg
France;Brittany - Northern;Cancale
Spain;Gran Canaria;Playa del Inglés
Belgium;Ardennes;Bertogne
France;Burgundy;Charolles
Denmark;Sealand;Kalundborg
Croatia;Istria;Rovinj/Bale
Croatia;Istria;Vrsar/Kloštar
Croatia;Istria;Poreč/Nova Vas
Czech Republic;Karlovy Vary and vicinity;Teplá
France;Ile-de-France;Paris/Kremlin Bîcetre
Germany;North Sea;Büsum
Norway;Southern Fjord Norway;Bjoa
Norway;Northern Fjord Norway;Leikanger
Denmark;East Jutland;Allingåbro
Italy;Lake Lugano;Osteno
Denmark;Falster;Idestrup
Finland;Lappi;Ylitornio
Spain;Lanzarote;Costa Teguise
Austria;Tyrol;Ellbögen
Spain;Tenerife;Radazul
Germany;Saxony-Anhalt;Arendsee
Denmark;Moen and Bogo;Askeby
Denmark;SE Jutland;Haderslev
Germany;Baltic Sea;Damp
Finland;Uusimaa;Raasepori
France;Cote d'Azur;Agay
Sweden;Halland;Frillesås
Denmark;Bornholm;Hasle
Sweden;Skåne;Landskrona
Sweden;Blekinge;Sölvesborg
Norway;Oslo / Oslofjorden;Skotbu
Norway;Northern Fjord Norway;Slinde
Austria;Zillertal;Finkenberg
Netherlands;Zeeland;Veere
Norway;Northern Fjord Norway;Eresfjord
Germany;North Sea;Hage
Netherlands;Zeeland;Wissenkerke
Denmark;East Jutland;Glesborg
Sweden;Jönköping;Gränna
Finland;Pohjois-Pohjanmaa Kainuu;Haukipudas
United Kingdom;Yorkshire and the Humber;Whitby
Denmark;Flensborg Fjord;Broager
United Kingdom;Wales;Builth Wells
Sweden;Bohuslän and Västra Götaland;Kärna
Finland;Häme Pirkanmaa;Hämeenlinna
Finland;Keski-Suomi;Kinnula
United Kingdom;South-East;Chichester
Denmark;Limfjord;Løgstør
Denmark;Moen and Bogo;Stege
Sweden;Bohuslän and Västra Götaland;Romelanda
Germany;Baltic Sea;Jürgenshagen
Czech Republic;South Moravian Region;Dolni Bojanovice
Finland;Häme Pirkanmaa;Forssa
Denmark;Central Jutland;Løgstrup
Germany;Lake Constance;Constance
Finland;Pohjanmaa;Kokkola
Germany;Hessisches Bergland;Bad Arolsen
Norway;Central Norway;Sandhornøy
Italy;Lake Maggiore;Laveno
Denmark;Limfjord;Thyholm
Italy;Florence Countryside;Ginestra Fiorentina
Ireland;Cork and Kerry;Tralee
Norway;Sørlandet;Aseral
Denmark;Funen, Langeland and Aero;Otterup
Norway;Southern Fjord Norway;Tau
Croatia;Kvarner Hills;Brod na Kupi
Italy;Naples & Sorrentino Peninsula;Naples
France;Brittany - Southern;Ploemeur
Denmark;Sealand;Nykøbing Sj
France;Poitou-Charentes;Sainte Gemme
Poland;Baltic Sea (Poland);Sztutowo
Netherlands;Noord-Holland;Noord-Scharwoude
Denmark;SE Jutland;Bjert
Switzerland;Jura;La Vue-des-Alpes
Netherlands;Zeeland;Retranchement
Italy;Lazio;Campagnano di Roma
Denmark;SE Jutland;Nordborg
France;Brittany - Southern;Quelneuc
Germany;North Sea;Westerholt
Austria;Zillertal;Ginzling
Denmark;North Jutland;Hirtshals
Spain;Lanzarote;Punta de las Mujeres
Austria;Salzburg;Filzmoos
Finland;Pohjanmaa;Lestijärvi
Finland;Pohjois-Pohjanmaa Kainuu;Siikajoki
Italy;Piemonte;Sauze d'Oulx
Finland;Pohjois-Karjala;Nurmes
Denmark;North Jutland;Saltum
Finland;Häme Pirkanmaa;Asikkala
Finland;Lappi;Salla
France;Ile-de-France;Paris/14
Greece;Atene;Marathonas
Italy;Sicily;Marina di Modica
Hungary;Lake Balaton - South Shore;Siofok/Zamardi
Croatia;Istria;Medulin/Šišan
France;Hérault-Aude;Lunel
Norway;Sørlandet;Korshamn
Italy;Sicily;Macari
Spain;Costa Brava;Sils
France;Dordogne-Lot&Garonne;Souillac
Spain;Costa Blanca;Rojales
France;Dordogne-Lot&Garonne;Borrèze
Belgium;Coast;Middelkerke
Italy;Lake Garda;Gargnano
Germany;Hessisches Bergland;Nentershausen
Spain;Lanzarote;Asomada
Denmark;Funen, Langeland and Aero;Mesinge
Poland;Beskidy;Marcyporeba
France;Provence;Le Muy
France;Normandy;Fécamp
Italy;Sicily;Ispica
France;Dauphinoise;Chamrousse
France;Hérault-Aude;Ribaute
France;Basque Country;Saint Pée sur Nivelle
Portugal;Beira;Aveiro
Portugal;Beira;Piedade/Águeda
Norway;Northern Norway;Ulvsvåg
France;Corsica;Ajaccio
Denmark;Funen, Langeland and Aero;Munkebo
Ireland;Cork and Kerry;Caherciveen
Norway;Northern Norway;Gravdal
Denmark;North Jutland;Frøstrup
Greece;Cyclades;Megalochori, Santorini
Ireland;West Ireland;Roundstone
France;Vendee- Western Loire;Le Croisic
United Kingdom;Wales;Aberystwyth
Poland;Baltic Sea (Poland);Darlowo
Portugal;North/Oporto;Braga
Netherlands;Zuid-Holland;Noordwijkerhout
Belgium;Ardennes;Noiseux
United Kingdom;South-West;Exmouth
Croatia;South Dalmatia;Dubrovnik/Zaton
Denmark;Sealand;Grevinge
Denmark;East Jutland;Odder
Ireland;Cork and Kerry;Mallow
Norway;Northern Norway;Nøss
France;Brittany - Southern;Guidel Plages
France;Hautes Pyrénées;Lourdes
France;Cote d'Azur;Puget-sur-Argens
France;Brittany - Southern;Larmor Baden
United Kingdom;Wales;Dolgellau
United Kingdom;South-West;Exmoor National Park
Norway;Northern Norway;Bøstad
Spain;Inland Andalucia;Granada/Monachil
Denmark;Sealand;Frederiksværk
Denmark;Sealand;Hundested
France;Provence;Beauvezer
France;Lorraine-Vosges;Gerbépal
Spain;Inland Andalucia;Granada / Ogíjares
United Kingdom;East of England;Clacton-on-Sea
France;Ardèche/Drôme;Vals Les Bains
Spain;Costa de la Luz;Los Caños de Meca
France;Southern Alps;Jausiers
France;Ile-de-France;Paris/Asnières-sur-Seine
Italy;Lombardy;Milan
Croatia;Istria;Pula/Muntić
Germany;Upper Bavaria;Berchtesgaden
Denmark;Central Jutland;Toftlund
Germany;Saxony;Moritzburg
Spain;Pyrenees;La Seu d'Urgell
Austria;Arlberg mountain;Flirsch
Austria;Upper Austria;Geinberg
Croatia;Central Dalmatia;Trogir/Arbanija
Germany;Black Forest;Triberg
Spain;Costa Brava;Pals
Spain;Tenerife;La quinta
France;Lot;Severac-le-Chateau
Spain;Mallorca;Petra
Germany;Saxony;Bad Muskau
Italy;Calabria;Santa Maria di Ricadi
Croatia;Kvarner Hills;Fužine
Croatia;Central Dalmatia;Trogir/Okrug Donji
Austria;Styria;Thörl
Spain;Pyrenees;Arestui
Croatia;North Dalmatia;Posedarje
Croatia;Central Dalmatia;Pirovac
Finland;Lappi;Posio
Sweden;Bohuslän and Västra Götaland;Mariestad
Switzerland;Engadine;Samedan
Norway;Northern Norway;Nord-lenangen
Sweden;Halland;Våxtorp
Finland;Lappi;Enontekiö
Italy;Piemonte-Langhe & Monferrato;Cisterna d'Asti
Spain;Mallorca;Esporles
Germany;Baltic Sea;Großenbrode
Portugal;Lisbon-Tejo Valley;Peniche
Switzerland;Praettigau/Landwassertal;Grüsch
France;Cote d'Azur;Giens
Switzerland;Central Switzerland;Andermatt
Switzerland;Ticino;Gerra
United Kingdom;South-East;Hastings
Finland;Keski-Suomi;Hankasalmi
Switzerland;Surselva;Schluein
Italy;Sicily;Sciacca
Sweden;Östergötland;Valdemarsvik
Finland;Pohjois-Karjala;Tohmajärvi
Norway;Central Norway;Flatanger
Norway;Northern Norway;Stamsund
Germany;North Sea;Otterndorf
Italy;Aosta Valley;Gressan
Sweden;Bohuslän and Västra Götaland;Stenungsund
Spain;Tenerife;Arafo
France;Hérault-Aude;Béziers
Norway;Northern Norway;Andenes
Sweden;Blekinge;Tving
Italy;Sicily;Selinunte
Sweden;Stockholm;Färentuna
Spain;Mallorca;Cala Pí
Italy;Lake Maggiore;Invorio
Switzerland;Praettigau/Landwassertal;St. Antönien
Germany;Black Forest;Schuttertal
Switzerland;Ticino;Olivone
Greece;Lefkada;Lefkada
Switzerland;Eastern Switzerland;Schlatt - Haslen
Switzerland;Bernese Oberland;Innertkirchen
Italy;Liguria Riviera Ponente;Bergeggi
Sweden;Skåne;Sibbhult
Sweden;Jönköping;Bodafors
Hungary;Lake Balaton - North Shore;Keszthely/Balatongyorok
Finland;Kymenlaakso Etelä-Karjala;Savitaipale
France;Cote d'Azur;Le Castellet
Spain;Costa del Sol;Elviria, Marbella
France;Cote d'Azur;Vallauris/Côte d'Azur
France;Gard-Lozère;Saint Gilles
Spain;Mallorca;Selva
Switzerland;Ticino;Pugerna
Spain;Inland Catalonia;Pallerols
Spain;Ibiza;Cala Vadella
Switzerland;Ticino;Davesco Soragno
Italy;Emilia Romagna;Castell'Arquato
Sweden;Jönköping;Skede
Denmark;Funen, Langeland and Aero;Assens
Italy;Tuscany Coast;Talamone
France;Luberon;Oppede
Greece;Crete;Falasarna
Spain;Costa Blanca;San Fulgencio/La Marina
Switzerland;Surselva;Vella
France;Corsica;Belgodere
Switzerland;Surselva;Breil
Spain;Barcelona Costa Norte;Arenys de Mar
Germany;Lake Constance;Meersburg
France;Brittany - Southern;Quiberon
Sweden;Örebro;Tived
Switzerland;Engadine;Bever
Croatia;Kvarner;Opatija/Bregi
France;Provence;Pernes les Fontaines
Italy;Abruzzo/Molise;Cologna
Spain;Costa del Azahar;Vinarós
Switzerland;Surselva;Obersaxen Friggahüs
Italy;Sardinia;Solanas
France;Provence;Les Baux de Provence
Switzerland;Engadine;Ardez
Finland;Varsinais-Suomi Satakunta;Oripää
Czech Republic;Karlovy Vary and vicinity;Loket
USA;Florida North-East;Daytona Beach/Palm Coast
Norway;Northern Norway;Olderdalen
Portugal;Algarve;Monte Gordo
Italy;Puglia-Salento;Gallipoli
Slovakia;Sillein Region;Závažná Poruba
Sweden;Stockholm;Ljusterö
Italy;Sardinia;Isola Rossa
Cyprus;Akamas Peninsula;Peyia
Austria;Carinthia;Radenthein
Germany;North Sea;Dagebüll
Switzerland;Surselva;Andiast
Sweden;Kalmar and Öland;Nybro
Switzerland;Surselva;Lumbrein
Spain;Menorca;Son Bou
Norway;Northern Norway;Hansnes
Finland;Etelä-Savo;Juva
Switzerland;Central Switzerland;Grafenort
Spain;Tenerife;Los Cristianos
Switzerland;Lake Zurich Region;Gommiswald
Spain;Galicia;San Cosme Barreiros
Croatia;Central Dalmatia;Šibenik
Italy;Liguria Riviera Ponente;Alassio
Italy;Puglia-Salento;Ortelle
Switzerland;Engadine;Scuol
Switzerland;Bernese Oberland;Erlenbach
Finland;Häme Pirkanmaa;Mänttä-Vilppula
France;Provence;Belcodène
Italy;Lake Como;Olginate
Switzerland;Jura;Boudry
Sweden;Bohuslän and Västra Götaland;Fjällbacka
France;Dordogne-Lot&Garonne;Villeneuve sur Lot
Switzerland;Bernese Oberland;Saxeten
Italy;Piemonte-Langhe & Monferrato;Bene Vagienna
United Kingdom;Greater London;London East
Spain;Lanzarote;Tías
Switzerland;Bernese Oberland;Blankenburg
Denmark;Sealand;Store Fuglede
Denmark;South-western Jutland;Hojer
Netherlands;Zeeland;Koudekerke
Sweden;Kalmar and Öland;Loftahammar
Norway;Southern Fjord Norway;Jørpeland
Portugal;North/Oporto;Porto
Italy;Sicily;Floridia
Spain;Costa del Sol;Torrox Costa
Austria;Upper Austria;Inzersdorf im Kremstal
Portugal;Lisbon-Tejo Valley;Charneca de Caparica
Spain;Costa Brava;Palafrugell
Spain;Costa Cálida;Totana
Sweden;Halland;Mellbystrand
Italy;Lucca, Pisa and surroundings;Ponsacco
Denmark;Funen, Langeland and Aero;Ebberup
Croatia;Istria;Poreč/Barat
Greece;Kos;Kos
Italy;Amalfi Coast;Positano
Italy;Tuscany Coast;Massa Marittima
Austria;Carinthia;Sankt Michael im Lavanttal
Croatia;Central Dalmatia;Marina
Germany;Sauerland;Hemer
France;Loire Valley;Montmorillon
Italy;Veneto;Mogliano Veneto
Italy;Lazio;Manziana/Canale Monterano
Switzerland;Surselva;Falera
United Kingdom;South-East;Sandwich
Germany;Thuringian Forest;Suhl
Spain;Fuerteventura;El Cotillo
Austria;Salzburg;Pfarrwerfen
Croatia;Istria;Rabac
France;Corsica;Monticello
Croatia;Central Dalmatia/Islands;Brač/Sumartin
Croatia;Central Dalmatia/Islands;Brač/Milna
Hungary;Thermal;Sárvár
Norway;Northern Norway;Hamnvik
Croatia;North Dalmatia/Islands;Pag/Povljana
Greece;Crete;Bali, Rethymnon
Poland;Beskidy;Wysowa Zdrój
Italy;Sardinia;Porto Pollo
Poland;Beskidy;Bielsko Biala
Croatia;South Dalmatia;Drace
Slovakia;Sillein Region;Demaenova
Slovakia;Trentschin Region;Trencianske Teplice
Poland;Baltic Sea (Poland);Ustka
Denmark;Bornholm;Gudhjem
Poland;Podlasia;Suprasl
Spain;Inland Catalonia;Viladecavalls
Croatia;Central Dalmatia/Islands;Brač/Gornji Humac
Germany;Ruhrgebiet;Gelsenkirchen
Croatia;Central Dalmatia/Islands;Šolta/Rogač
Italy;Sicily;Agrigento
Switzerland;Central Switzerland;Morschach
Croatia;Istria;Svetvinčenat
Denmark;Sealand;Højby
Cyprus;Akamas Peninsula;Argaka
Croatia;South Dalmatia;Dubrovnik/Ćilipi
Denmark;South-western Jutland;Hvide Sande
Poland;Mazury;Mikolajki
Norway;Northern Fjord Norway;Vågland
Poland;Mazury;Jakunowko
Denmark;Funen, Langeland and Aero;Brenderup Fyn
Sweden;Bohuslän and Västra Götaland;Tanumshede
Italy;Liguria Riviera Ponente;Loano
Sweden;Dalarna;Forsa
Hungary;Lake Tisza;Tiszabábolna
Hungary;North;Tokaj
Greece;Crete;Asteri, Rethymno
Italy;Tuscany Coast;Riparbella
Germany;Rhine - Mosel - Ahr - Lahn;Sankt Goar
Croatia;Central Dalmatia;Omiš
Spain;Mallorca;Búger
Sweden;Halland;Billdal
Italy;Liguria Riviera Ponente;Pietra Ligure
Croatia;Istria;Motovun
Norway;Sørlandet;Lindesnes
Norway;Northern Fjord Norway;Fjørtoft
Norway;Northern Norway;Torsken
Italy;Liguria Riviera Ponente;Sanremo
Norway;Southern Fjord Norway;Bru
Netherlands;Zeeland;Serooskerke
Norway;Northern Fjord Norway;Måndalen
Italy;Sardinia;Pula
Germany;Baltic Sea;Wendtorf
Italy;Sardinia;Stintino
Greece;Zante;Zakinthos-Keri-Marathias
Croatia;Central Dalmatia/Islands;Drvenik Veliki
Germany;Baltic Sea;Gelting
Denmark;Sealand;Sjællands Odde
Norway;Northern Fjord Norway;Sandane
Spain;Tenerife;San Miguel de Abona
Germany;North Sea;Jever
Netherlands;Zeeland;Colijnsplaat
Greece;Mykonos;Agios Sostis
Switzerland;Praettigau/Landwassertal;Conters
Norway;Northern Fjord Norway;Angvik
Spain;Lanzarote;Teguise
Norway;Northern Fjord Norway;Utvik
Norway;Northern Fjord Norway;Halsanaustan
United Kingdom;South-West;Wadebridge - Padstow
United Kingdom;South-East;Whitstable
Sweden;Kalmar and Öland;Söderåkra
Norway;Southern Fjord Norway;Sirevåg
Norway;Sørlandet;Lyngdal
Spain;Costa Brava;Caldes de Malavella
Norway;Southern Fjord Norway;Reksteren
Norway;Northern Norway;Borkenes
Norway;Central Norway;Vevelstad
Denmark;Sealand;Tisvildeleje
France;Cote d'Azur;Ceyreste
France;Brittany - Northern;Lézardrieux
Sweden;Dalarna;Sälen
Norway;Sørlandet;Vrådal
Norway;Northern Fjord Norway;Tustna
Netherlands;Zeeland;Sint Kruis
Norway;Northern Fjord Norway;Norangsfjord
Norway;Northern Norway;Svolvær
Germany;Brandenburg;Münchehofe
Norway;Northern Fjord Norway;Gursken
Canada;Nova Scotia;Labelle
Switzerland;Lake Zurich Region;Zurich
Norway;Central Norway;Nordli
Ireland;South East;Dunmore East
Switzerland;Bernese Oberland;Spiez
Spain;Costa de la Luz;Conil de la Frontera
Denmark;North Jutland;Bedsted Thy
Slovakia;Preschau Region;Tatranska Strba
Finland;Häme Pirkanmaa;Suodenniemi
France;Brittany - Southern;Quéven
France;Brittany - Southern;La Trinité Sur Mer
Spain;Barcelona Costa Norte;Premià de Dalt
Netherlands;Noord-Holland;Enkhuizen
Netherlands;Noord-Holland;Egmond aan Zee
France;Ile-de-France;Paris/Vanves
Norway;Southern Fjord Norway;Hebnes
Czech Republic;Zlin Region Javorniky Mnts.;Horni Becva
Finland;Uusimaa;Lohja
Finland;Kymenlaakso Etelä-Karjala;Kouvola
Croatia;Central Dalmatia/Islands;Murter/Betina
Italy;Lazio;Roma: Piazza di Spagna
Italy;Veneto;Padova
Croatia;Central Dalmatia/Islands;Šolta/Maslinica
France;Cote d'Azur;Rayol Canadel
Netherlands;Zeeland;Kattendijke
Spain;Inland Andalucia;El Gastor
France;Provence;Fayence
Denmark;North Jutland;Læsø
Spain;Inland Andalucia;Sierra de Cádiz / Ubrique
Finland;Häme Pirkanmaa;Lempäälä
Spain;Tenerife;Tegueste
Sweden;Bohuslän and Västra Götaland;Spekeröd
Spain;Costa Brava;Perelada-Peralada
Belgium;Ardennes;Hour
France;Corsica;Galéria
France;Poitou-Charentes;Aumagne
France;Normandy;Pont d'Ouilly
United Kingdom;Scotland;Balloch
Netherlands;Noord-Holland;Den Oever
France;Hérault-Aude;La Franqui
Italy;Sicily;Santa Maria del Focallo
Portugal;Lisbon-Tejo Valley;Sintra
Italy;Puglia-Trulli, Valle d‘Itria;Castellana Grotte
Spain;Gran Canaria;Agaete
Portugal;Lisbon-Tejo Valley;Sesimbra
United Kingdom;South-East;Folkestone - Dover
France;Pyrénées-Orientales;Sainte Marie Plage
United Kingdom;South-East;Maresfield
Norway;Southern Fjord Norway;Vossestrand
Italy;Sardinia;Platamona
Spain;Mallorca;Andratx
France;Lot;Monclar de Quercy
Sweden;Bohuslän and Västra Götaland;Henån
Spain;Galicia;Pontedeume
France;Vendee- Western Loire;La Baule
Czech Republic;South Bohemia;Ceske Budejovice
Spain;Costa Blanca;Algorfa
Cyprus;Akamas Peninsula;Pomos
Cyprus;Akamas Peninsula;Goudi
Italy;Ischia/Capri/Procida;Ischia Forio
Italy;Lake Como;Sorico Albonico
France;Vendee- Western Loire;Nantes
France;Brittany - Northern;Frehel/Cap Frehel
Portugal;Algarve;Quarteira
Spain;Barcelona Costa Norte;Dosrius
France;Brittany - Northern;Dinan
Spain;Costa de Almería;Vera
France;Brittany - Southern;Saint Philibert
Croatia;Central Dalmatia;Bilice
France;Basque Country;Ascain
Norway;Southern Fjord Norway;Fjell
Italy;Dolomites;Cortina d'Ampezzo
Norway;Southern Fjord Norway;Masfjordnes
Portugal;Algarve;Porches
Spain;La Palma;Llanos de Aridane
Italy;Aosta Valley;Fenis
Finland;Etelä-Savo;Pieksämäki
Portugal;Algarve;Armação de Pêra
Italy;Florence Countryside;Lastra a Signa
France;Dordogne-Lot&Garonne;Montignac-Lascaux
Spain;Costa de la Luz;Isla Canela
Italy;Aosta Valley;Aosta
Spain;Costa del Azahar;Moncofar
Austria;Styria;Eisenerz
Spain;Tenerife;Las Rosas
Croatia;Kvarner/Islands;Krk/Kornić
Finland;Keski-Suomi;Viitasaari
United Kingdom;South-West;Bude
Croatia;North Dalmatia;Ražanac
Austria;Salzburg;Eben im Pongau
Italy;Siena and sourroundings;Asciano
Croatia;Central Dalmatia/Islands;Brač/Donji Humac
Croatia;Istria;Tinjan
Switzerland;Ticino;Campione d'Italia
Croatia;Central Dalmatia;Kaštela
Switzerland;Surselva;Tenna
Switzerland;Surselva;Obersaxen Affeier
Norway;Southern Fjord Norway;Jelsa
Switzerland;Valais;Grimentz
Switzerland;Engadine;Tarasp
Finland;Pohjanmaa;Ähtäri
Switzerland;Valais;Staldenried
Switzerland;Surselva;Obersaxen Meierhof
Switzerland;Surselva;Vuorz
Switzerland;Surselva;Luven
Switzerland;Valais;Saas-Balen
Finland;Etelä-Savo;Heinävesi
Finland;Etelä-Savo;Joroinen
Switzerland;Valais;Riederalp
United Kingdom;Wales;Machynlleth
Sweden;Stockholm;Sollentuna
Germany;Black Forest;Todtnau
Finland;Häme Pirkanmaa;Hollola
Italy;Lazio;Frascati
Spain;Mallorca;María de la Salut
Sweden;Jönköping;Vissefjärda
Sweden;Dalarna;Söderbärke
Spain;Gran Canaria;Vega de San Mateo
Switzerland;Ticino;Leontica
Denmark;Sealand;Melby
Switzerland;Surselva;Sagogn
Germany;Bavarian Forest;Schöfweg
Germany;Black Forest;Schluchsee
France;Southern Alps;Valberg
Italy;Tuscany Coast;Pari
Switzerland;Ticino;Manno
Greece;Crete;Pentamodi, Heraklion
United Kingdom;South-West;Falmouth - St. Mawes
Finland;Uusimaa;Loviisa
Switzerland;Surselva;Safien Platz
Switzerland;Lake Zurich Region;Endingen
Switzerland;Central Switzerland;Lungern
France;Limousin;Aubazine
Sweden;Halland;Haverdal
United Kingdom;South-West;Newquay
Greece;Crete;Makrigialos
France;Cote d'Azur;Le Trayas
Switzerland;Central Switzerland;Rigi Kaltbad
Switzerland;Freiburg;Grandvillard
Italy;Sardinia;Torre delle Stelle
Norway;Northern Fjord Norway;Fiskå
Switzerland;Ticino;Caviano
France;Gard-Lozère;Aigues Mortes
Portugal;Madeira;Madeira/Funchal
France;Normandy;Moidrey
Spain;Menorca;Cala Morell
Finland;Etelä-Savo;Ihamaniemi
France;Les Landes;Mimizan
Switzerland;Ticino;Ronco sopra Ascona
Czech Republic;Zlin Region Javorniky Mnts.;Vsetin
Italy;Puglia-Salento;Campomarino
Switzerland;Ticino;Cabbio
Italy;Puglia-Salento;Taviano
France;Burgundy;Poncey sur l'Ignon
Italy;Sicily;Termini Imerese
Italy;Abruzzo/Molise;Montesilvano
France;Gard-Lozère;Saint Laurent d'Aigouze
Croatia;Kvarner;Novi Vinodolski/Klenovica
Denmark;SE Jutland;Sjølund
Switzerland;Surselva;Obersaxen Flond
France;Basque Country;Guethary
Switzerland;Ticino;Brusino Arsizio
France;Provence;Tarascon
Italy;Sardinia;Tertenia
Italy;Lake Maggiore;Cannero Riviera
Spain;Tenerife;Tabaiba
Switzerland;Ticino;Chironico
Italy;Siena and sourroundings;Sinalunga
Switzerland;Ticino;Mergoscia
Spain;Mallorca;Moscari
France;Hérault-Aude;Marseillan
Italy;Aosta Valley;Brusson
Germany;Eifel;Hürtgenwald
Mauritius;Pamplemousses;Grand Baie
Norway;Northern Fjord Norway;Sæbø
Norway;Northern Fjord Norway;Tomrefjord
Switzerland;Mittelbünden;CHURWALDEN
Denmark;Funen, Langeland and Aero;Frørup
Italy;Cilento;Buccino
United Kingdom;South-West;Swanage
United Kingdom;North West;Elterwater
Sweden;Halland;Vessigebro
Greece;Crete;Lasithi
South Africa;KwaZulu-Natal;Durban
Slovenia;Coast & Karst region;Strunjan
Switzerland;Eastern Switzerland;Ebnat-Kappel
Italy;Sardinia;Castelsardo
Italy;Piemonte-Langhe & Monferrato;Bossolasco
Portugal;Algarve;Alvor
Belgium;Ardennes;Froidchapelle
Switzerland;Northwestern Switzerland;Sissach
Portugal;Algarve;Monchique
Belgium;Interior;Korbeek - Dijle
Switzerland;Bernese Oberland;Bönigen
Switzerland;Central Switzerland;Sörenberg
Croatia;Istria;Roč
Austria;Murtal-Kreischberg;Murau
Italy;Piemonte;Lurisia
Croatia;Kvarner/Islands;Cres/Porozina
Italy;Puglia-Salento;Torre San Giovanni
Italy;Sicily;Portopalo di Capo Passero
Italy;Liguria Riviera Levante & Cinque Terre;Zoagli
Italy;Puglia-Salento;Alezio
France;Corsica;Saint-Florent
Croatia;Kvarner;Sveti Juraj
Italy;Piemonte;Bognanco
Italy;Siena and sourroundings;Monteriggioni
Italy;Puglia-Gargano;Mattinata
Italy;Lake Como;Gera Lario
Greece;Crete;Rethymnon
United Kingdom;North West;Blackburn, Burnley
France;Southern Alps;Serre Chevalier
Sweden;Bohuslän and Västra Götaland;Skärhamn
Italy;Florence Countryside;Empoli
France;Pyrénées-Orientales;Perpignan
Ireland;South East;Courtown
Norway;Central Norway;Storfosna
Denmark;Sealand;Jægerspris
Austria;Murtal-Kreischberg;Stadl an der Mur
Denmark;Sealand;Vig
Switzerland;Surselva;Vignogn
France;Hérault-Aude;Narbonne
Denmark;Central Jutland;Gjern
Italy;Amalfi Coast;Conca dei Marini
Netherlands;Noord-Holland;'t Zand
France;Vendee- Western Loire;Challans
Switzerland;Eastern Switzerland;Tannenboden
Italy;Puglia-Salento;Nardò
Spain;Mallorca;Lloseta
Spain;Mallorca;Campanet
Switzerland;Surselva;Cumbel
Italy;Umbria;Fabro
Germany;Eifel;Rieden
France;Limousin;Beynat
Italy;Lake Maggiore;Maccagno con Pino e Veddasca
Austria;Lower Austria;Lunz am See
Greece;Crete;Kirianna, Rethymno
Belgium;Interior;Alveringem
Italy;Marche;Corinaldo
Croatia;Istria;Buje/Momjan
United Kingdom;Wales;Swansea
France;Normandy;Grandcamp-Maisy
Switzerland;Bernese Mittelland;Niederbipp
Spain;Fuerteventura;Corralejo
Spain;Gran Canaria;Cruce de Arinaga
Spain;Costa del Azahar;Grao de Castellón
Finland;Häme Pirkanmaa;Kärkölä
Cyprus;Akamas Peninsula;Agia Marina village
Austria;Styria;Aich
Poland;Pomerania;Insko
Finland;Etelä-Savo;Kerimäki
Italy;Liguria Riviera Levante & Cinque Terre;Rapallo
Poland;Podlasia;Trzebieszow
Italy;Puglia-Salento;Ugento
Poland;Baltic Sea (Poland);Leba
Croatia;Istria;Pazin
Poland;Mazury;Augustow
Spain;Costa del Garraf;Cubelles
Croatia;Central Dalmatia/Islands;Brač/Pučišća
Denmark;Limfjord;Nibe
Croatia;North Dalmatia;Sabunike
Italy;Sardinia;Capitana
France;Loire Valley;Loches
Italy;Tuscany Coast;Pomarance
Croatia;Central Dalmatia;Oklaj
Poland;Pomerania;Gleboczek
Italy;Tuscany Chianti;Barberino Valdelsa
Portugal;Madeira;Madeira/Camacha
Italy;Trasimeno Lake;Panicale
Italy;Liguria Riviera Levante & Cinque Terre;Santo Stefano Magra
Croatia;North Dalmatia;Vrsi
Spain;Mallorca;Mancor de la Vall
Spain;Inland Catalonia;Sant Esteve de Palautordera
Sweden;Östergötland;Kolmården
Spain;Costa del Azahar;Canet d'en Berenguer
Poland;Baltic Sea (Poland);Debki
Italy;Tuscany Chianti;Cavriglia
Italy;Sicily;Santa Flavia
Croatia;North Dalmatia/Islands;Pag/Pag
Denmark;Falster;Stubbekøbing
Norway;Southern Fjord Norway;Randaberg
Norway;Northern Fjord Norway;Vistdal
Spain;Mallorca;Costitx
France;Normandy;Courseulles
Spain;Tenerife;Playa de las Américas
Sweden;Kalmar and Öland;Borgholm
Greece;Crete;Melissourgio, Chania
Denmark;Sealand;Køge
France;Provence;Vaison La Romaine
Denmark;Funen, Langeland and Aero;Ærøskøbing
Denmark;North Jutland;Brovst
Italy;Lazio;Castelnuovo di Farfa
Slovakia;Sillein Region;Dolny Kubin
Croatia;Central Dalmatia;Trilj
USA;Florida South-East;Fort Lauderdale
Switzerland;Engadine;Samnaun
Denmark;East Jutland;Knebel
Norway;Northern Fjord Norway;Selje
Poland;Baltic Sea (Poland);Rekowo
France;Hérault-Aude;Homps
Germany;North Sea;Grossheide
Poland;Pomerania;Jeziernik - Bialy Bor
Croatia;Central Dalmatia/Islands;Brač/Selca
Croatia;Istria;Umag/Bašanija
Norway;Northern Fjord Norway;Åfarnes
Germany;Baltic Sea;Grömitz
Norway;Southern Fjord Norway;Hosteland
Denmark;North Jutland;Sæby
Denmark;Central Jutland;Tarm
Italy;Liguria Riviera Levante & Cinque Terre;Santa Margherita Ligure
Sweden;Halland;Tvååker
Denmark;Sealand;Kirke Hyllinge
Croatia;Kvarner/Islands;Cres/Osor
Norway;Northern Norway;Laupstad
Sweden;Värmland;Torsby
Sweden;Bohuslän and Västra Götaland;Uddevalla
Italy;Umbria;Umbertide
France;Auvergne;Monlet
United Kingdom;South-West;St. Agnes
United Kingdom;South-East;Heathfield
Italy;Lake Iseo and Idro;Spinone al Lago
Sweden;Östergötland;Ödeshög
Hungary;Lake Balaton - North Shore;Badacsonyörs
Denmark;Central Jutland;Fårvang
Germany;North Sea;Esens
Finland;Häme Pirkanmaa;Punkalaidun
France;Basque Country;Bayonne
United Kingdom;Wales;St Davids
Switzerland;Bernese Oberland;Feutersoey
Sweden;Värmland;Edsvalla
Germany;Upper Bavaria;Bad Tölz
Denmark;Sealand;Vordingborg
Denmark;North Jutland;Hurup Thy
Norway;Sørlandet;Mandal
Finland;Pohjois-Savo;Kaavi
Belgium;Waals Brabant;Le Bizet
France;Southern Alps;Chorges
Switzerland;Valais;Orsières
Spain;Mallorca;Cala Magrana
Spain;Lanzarote;Puerto del Carmen
Denmark;North Jutland;Hanstholm
Ireland;South East;Wicklow
France;Ardèche/Drôme;Die
Germany;Thuringian Forest;Friedrichroda
Croatia;Istria;Rabac/Skitača
France;Vendee- Western Loire;Saint Laurent de la Salle
Portugal;Algarve;São Bartolomeu de Messines
Italy;Trasimeno Lake;Piegaro
Austria;Arlberg mountain;Strengen
France;Gard-Lozère;Uzès
France;Lot;Bagnac
Belgium;Ardennes;Butgenbach/Nidrum
France;Southern Alps;Superdévoluy
France;Poitou-Charentes;Poitiers
Denmark;Central Jutland;Bording
United Kingdom;Greater London;London Camden Kings Cross
Spain;Mallorca;Son Carrió
Spain;Mallorca;Vilafranca
Germany;Eifel;Heimbach
Czech Republic;Prague and vicinity;Praha/7
Spain;Barcelona Costa Norte;Argentona
Portugal;North/Oporto;Viana do Castelo
France;Brittany - Southern;Auray
Italy;Dolomites;Col di Cugnan
France;Les Landes;Tarnos
France;Les Landes;Linxe
France;Brittany - Northern;Dol de Bretagne
Spain;Galicia;Cangas de Morrazo Rías Baixas
France;Basque Country;Arcangues
France;Brittany - Southern;Ploemel
France;Basque Country;Bassussary
Denmark;Sealand;Præstø
France;Poitou-Charentes;Mornac sur Seudre
Italy;Lake Maggiore;Cocquio Trevisago
France;Burgundy;Sermizelles
France;Hérault-Aude;Palavas-les-Flots
Denmark;Sealand;Kalvehave
Portugal;Algarve;Vilamoura
Italy;Lazio;Roma: Vaticano
France;Vendee- Western Loire;Guérande
